Date,Score Type,Visitor Team,VisitorPts,Home Team,HomePts,OT?,Notes
Tue Oct 29 2013,Box Score,Orlando Magic,87,Indiana Pacers,97,,
Tue Oct 29 2013,Box Score,Los Angeles Clippers,103,Los Angeles Lakers,116,,
Tue Oct 29 2013,Box Score,Chicago Bulls,95,Miami Heat,107,,
Wed Oct 30 2013,Box Score,Brooklyn Nets,94,Cleveland Cavaliers,98,,
Wed Oct 30 2013,Box Score,Atlanta Hawks,109,Dallas Mavericks,118,,
Wed Oct 30 2013,Box Score,Washington Wizards,102,Detroit Pistons,113,,
Wed Oct 30 2013,Box Score,Los Angeles Lakers,94,Golden State Warriors,125,,
Wed Oct 30 2013,Box Score,Charlotte Bobcats,83,Houston Rockets,96,,
Wed Oct 30 2013,Box Score,Orlando Magic,115,Minnesota Timberwolves,120,OT,
Wed Oct 30 2013,Box Score,Indiana Pacers,95,New Orleans Pelicans,90,,
Wed Oct 30 2013,Box Score,Milwaukee Bucks,83,New York Knicks,90,,
Wed Oct 30 2013,Box Score,Miami Heat,110,Philadelphia 76ers,114,,
Wed Oct 30 2013,Box Score,Portland Trail Blazers,91,Phoenix Suns,104,,
Wed Oct 30 2013,Box Score,Denver Nuggets,88,Sacramento Kings,90,,
Wed Oct 30 2013,Box Score,Memphis Grizzlies,94,San Antonio Spurs,101,,
Wed Oct 30 2013,Box Score,Boston Celtics,87,Toronto Raptors,93,,
Wed Oct 30 2013,Box Score,Oklahoma City Thunder,101,Utah Jazz,98,,
Thu Oct 31 2013,Box Score,New York Knicks,81,Chicago Bulls,82,,
Thu Oct 31 2013,Box Score,Golden State Warriors,115,Los Angeles Clippers,126,,
Fri Nov 1 2013,Box Score,Toronto Raptors,95,Atlanta Hawks,102,,
Fri Nov 1 2013,Box Score,Milwaukee Bucks,105,Boston Celtics,98,,
Fri Nov 1 2013,Box Score,Miami Heat,100,Brooklyn Nets,101,,
Fri Nov 1 2013,Box Score,Cleveland Cavaliers,84,Charlotte Bobcats,90,,
Fri Nov 1 2013,Box Score,Portland Trail Blazers,113,Denver Nuggets,98,,
Fri Nov 1 2013,Box Score,Dallas Mavericks,105,Houston Rockets,113,,
Fri Nov 1 2013,Box Score,San Antonio Spurs,91,Los Angeles Lakers,85,,
Fri Nov 1 2013,Box Score,Detroit Pistons,108,Memphis Grizzlies,111,OT,
Fri Nov 1 2013,Box Score,Oklahoma City Thunder,81,Minnesota Timberwolves,100,,
Fri Nov 1 2013,Box Score,New Orleans Pelicans,90,Orlando Magic,110,,
Fri Nov 1 2013,Box Score,Utah Jazz,84,Phoenix Suns,87,,
Fri Nov 1 2013,Box Score,Los Angeles Clippers,110,Sacramento Kings,101,,
Fri Nov 1 2013,Box Score,Philadelphia 76ers,109,Washington Wizards,102,,
Sat Nov 2 2013,Box Score,Memphis Grizzlies,99,Dallas Mavericks,111,,
Sat Nov 2 2013,Box Score,Sacramento Kings,87,Golden State Warriors,98,,
Sat Nov 2 2013,Box Score,Cleveland Cavaliers,74,Indiana Pacers,89,,
Sat Nov 2 2013,Box Score,Toronto Raptors,97,Milwaukee Bucks,90,,
Sat Nov 2 2013,Box Score,Charlotte Bobcats,84,New Orleans Pelicans,105,,
Sat Nov 2 2013,Box Score,Chicago Bulls,104,Philadelphia 76ers,107,,
Sat Nov 2 2013,Box Score,San Antonio Spurs,105,Portland Trail Blazers,115,,
Sat Nov 2 2013,Box Score,Houston Rockets,104,Utah Jazz,93,,
Sun Nov 3 2013,Box Score,Boston Celtics,77,Detroit Pistons,87,,
Sun Nov 3 2013,Box Score,Atlanta Hawks,103,Los Angeles Lakers,105,,
Sun Nov 3 2013,Box Score,Washington Wizards,93,Miami Heat,103,,
Sun Nov 3 2013,Box Score,Minnesota Timberwolves,109,New York Knicks,100,,
Sun Nov 3 2013,Box Score,Phoenix Suns,96,Oklahoma City Thunder,103,,
Sun Nov 3 2013,Box Score,Brooklyn Nets,86,Orlando Magic,107,,
Mon Nov 4 2013,Box Score,Minnesota Timberwolves,92,Cleveland Cavaliers,93,,
Mon Nov 4 2013,Box Score,Houston Rockets,118,Los Angeles Clippers,137,,
Mon Nov 4 2013,Box Score,Boston Celtics,88,Memphis Grizzlies,95,,
Mon Nov 4 2013,Box Score,Golden State Warriors,110,Philadelphia 76ers,90,,
Tue Nov 5 2013,Box Score,Utah Jazz,88,Brooklyn Nets,104,,
Tue Nov 5 2013,Box Score,Los Angeles Lakers,104,Dallas Mavericks,123,,
Tue Nov 5 2013,Box Score,San Antonio Spurs,102,Denver Nuggets,94,,
Tue Nov 5 2013,Box Score,Indiana Pacers,99,Detroit Pistons,91,,
Tue Nov 5 2013,Box Score,Phoenix Suns,104,New Orleans Pelicans,98,,
Tue Nov 5 2013,Box Score,Charlotte Bobcats,102,New York Knicks,97,,
Tue Nov 5 2013,Box Score,Houston Rockets,116,Portland Trail Blazers,101,,
Tue Nov 5 2013,Box Score,Atlanta Hawks,105,Sacramento Kings,100,,
Tue Nov 5 2013,Box Score,Miami Heat,104,Toronto Raptors,95,,
Wed Nov 6 2013,Box Score,Utah Jazz,87,Boston Celtics,97,,
Wed Nov 6 2013,Box Score,Toronto Raptors,90,Charlotte Bobcats,92,,
Wed Nov 6 2013,Box Score,Chicago Bulls,80,Indiana Pacers,97,,
Wed Nov 6 2013,Box Score,New Orleans Pelicans,99,Memphis Grizzlies,84,,
Wed Nov 6 2013,Box Score,Cleveland Cavaliers,104,Milwaukee Bucks,109,,
Wed Nov 6 2013,Box Score,Golden State Warriors,106,Minnesota Timberwolves,93,,
Wed Nov 6 2013,Box Score,Dallas Mavericks,93,Oklahoma City Thunder,107,,
Wed Nov 6 2013,Box Score,Los Angeles Clippers,90,Orlando Magic,98,,
Wed Nov 6 2013,Box Score,Washington Wizards,116,Philadelphia 76ers,102,,
Wed Nov 6 2013,Box Score,Phoenix Suns,96,San Antonio Spurs,99,,
Thu Nov 7 2013,Box Score,Atlanta Hawks,107,Denver Nuggets,109,,
Thu Nov 7 2013,Box Score,Los Angeles Lakers,99,Houston Rockets,98,,
Thu Nov 7 2013,Box Score,Los Angeles Clippers,97,Miami Heat,102,,
Fri Nov 8 2013,Box Score,New York Knicks,101,Charlotte Bobcats,91,,
Fri Nov 8 2013,Box Score,Utah Jazz,73,Chicago Bulls,97,,
Fri Nov 8 2013,Box Score,Oklahoma City Thunder,119,Detroit Pistons,110,,
Fri Nov 8 2013,Box Score,Toronto Raptors,84,Indiana Pacers,91,,
Fri Nov 8 2013,Box Score,Dallas Mavericks,108,Minnesota Timberwolves,116,,
Fri Nov 8 2013,Box Score,Los Angeles Lakers,85,New Orleans Pelicans,96,,
Fri Nov 8 2013,Box Score,Boston Celtics,91,Orlando Magic,89,,
Fri Nov 8 2013,Box Score,Cleveland Cavaliers,79,Philadelphia 76ers,94,,
Fri Nov 8 2013,Box Score,Denver Nuggets,103,Phoenix Suns,114,,
Fri Nov 8 2013,Box Score,Sacramento Kings,91,Portland Trail Blazers,104,,
Fri Nov 8 2013,Box Score,Golden State Warriors,74,San Antonio Spurs,76,,
Fri Nov 8 2013,Box Score,Brooklyn Nets,108,Washington Wizards,112,OT,
Sat Nov 9 2013,Box Score,Orlando Magic,94,Atlanta Hawks,104,,
Sat Nov 9 2013,Box Score,Indiana Pacers,96,Brooklyn Nets,91,,
Sat Nov 9 2013,Box Score,Philadelphia 76ers,125,Cleveland Cavaliers,127,2OT,
Sat Nov 9 2013,Box Score,Los Angeles Clippers,107,Houston Rockets,94,,
Sat Nov 9 2013,Box Score,Golden State Warriors,90,Memphis Grizzlies,108,,
Sat Nov 9 2013,Box Score,Boston Celtics,111,Miami Heat,110,,
Sat Nov 9 2013,Box Score,Dallas Mavericks,91,Milwaukee Bucks,83,,
Sat Nov 9 2013,Box Score,Portland Trail Blazers,96,Sacramento Kings,85,,
Sat Nov 9 2013,Box Score,Utah Jazz,91,Toronto Raptors,115,,
Sun Nov 10 2013,Box Score,Minnesota Timberwolves,113,Los Angeles Lakers,90,,
Sun Nov 10 2013,Box Score,San Antonio Spurs,120,New York Knicks,89,,
Sun Nov 10 2013,Box Score,Washington Wizards,105,Oklahoma City Thunder,106,OT,
Sun Nov 10 2013,Box Score,New Orleans Pelicans,94,Phoenix Suns,101,,
Mon Nov 11 2013,Box Score,Orlando Magic,105,Boston Celtics,120,,
Mon Nov 11 2013,Box Score,Atlanta Hawks,103,Charlotte Bobcats,94,,
Mon Nov 11 2013,Box Score,Cleveland Cavaliers,81,Chicago Bulls,96,,
Mon Nov 11 2013,Box Score,Toronto Raptors,104,Houston Rockets,110,2OT,
Mon Nov 11 2013,Box Score,Memphis Grizzlies,79,Indiana Pacers,95,,
Mon Nov 11 2013,Box Score,Minnesota Timberwolves,107,Los Angeles Clippers,109,,
Mon Nov 11 2013,Box Score,San Antonio Spurs,109,Philadelphia 76ers,85,,
Mon Nov 11 2013,Box Score,Detroit Pistons,103,Portland Trail Blazers,109,,
Mon Nov 11 2013,Box Score,Denver Nuggets,100,Utah Jazz,81,,
Tue Nov 12 2013,Box Score,Washington Wizards,95,Dallas Mavericks,105,,
Tue Nov 12 2013,Box Score,Detroit Pistons,95,Golden State Warriors,113,,
Tue Nov 12 2013,Box Score,New Orleans Pelicans,95,Los Angeles Lakers,116,,
Tue Nov 12 2013,Box Score,Milwaukee Bucks,95,Miami Heat,118,,
Wed Nov 13 2013,Box Score,New York Knicks,95,Atlanta Hawks,91,,
Wed Nov 13 2013,Box Score,Charlotte Bobcats,89,Boston Celtics,83,,
Wed Nov 13 2013,Box Score,Los Angeles Lakers,99,Denver Nuggets,111,,
Wed Nov 13 2013,Box Score,Oklahoma City Thunder,103,Los Angeles Clippers,111,,
Wed Nov 13 2013,Box Score,Toronto Raptors,103,Memphis Grizzlies,87,,
Wed Nov 13 2013,Box Score,Cleveland Cavaliers,95,Minnesota Timberwolves,124,,
Wed Nov 13 2013,Box Score,Milwaukee Bucks,91,Orlando Magic,94,,
Wed Nov 13 2013,Box Score,Houston Rockets,117,Philadelphia 76ers,123,OT,
Wed Nov 13 2013,Box Score,Phoenix Suns,89,Portland Trail Blazers,90,,
Wed Nov 13 2013,Box Score,Brooklyn Nets,86,Sacramento Kings,107,,
Wed Nov 13 2013,Box Score,Washington Wizards,79,San Antonio Spurs,92,,
Wed Nov 13 2013,Box Score,New Orleans Pelicans,105,Utah Jazz,111,,
Thu Nov 14 2013,Box Score,Oklahoma City Thunder,115,Golden State Warriors,116,,
Thu Nov 14 2013,Box Score,Houston Rockets,109,New York Knicks,106,,
Fri Nov 15 2013,Box Score,Philadelphia 76ers,103,Atlanta Hawks,113,,
Fri Nov 15 2013,Box Score,Portland Trail Blazers,109,Boston Celtics,96,,
Fri Nov 15 2013,Box Score,Charlotte Bobcats,86,Cleveland Cavaliers,80,,
Fri Nov 15 2013,Box Score,Minnesota Timberwolves,113,Denver Nuggets,117,,
Fri Nov 15 2013,Box Score,Milwaukee Bucks,77,Indiana Pacers,104,,
Fri Nov 15 2013,Box Score,Memphis Grizzlies,89,Los Angeles Lakers,86,,
Fri Nov 15 2013,Box Score,Dallas Mavericks,104,Miami Heat,110,,
Fri Nov 15 2013,Box Score,Brooklyn Nets,100,Phoenix Suns,98,OT,
Fri Nov 15 2013,Box Score,Detroit Pistons,97,Sacramento Kings,90,,
Fri Nov 15 2013,Box Score,Chicago Bulls,96,Toronto Raptors,80,,
Fri Nov 15 2013,Box Score,San Antonio Spurs,91,Utah Jazz,82,,
Sat Nov 16 2013,Box Score,Miami Heat,97,Charlotte Bobcats,81,,
Sat Nov 16 2013,Box Score,Indiana Pacers,94,Chicago Bulls,110,,
Sat Nov 16 2013,Box Score,Utah Jazz,88,Golden State Warriors,102,,
Sat Nov 16 2013,Box Score,Denver Nuggets,111,Houston Rockets,122,,
Sat Nov 16 2013,Box Score,Brooklyn Nets,103,Los Angeles Clippers,110,,
Sat Nov 16 2013,Box Score,Oklahoma City Thunder,92,Milwaukee Bucks,79,,
Sat Nov 16 2013,Box Score,Boston Celtics,88,Minnesota Timberwolves,106,,
Sat Nov 16 2013,Box Score,Philadelphia 76ers,98,New Orleans Pelicans,135,,
Sat Nov 16 2013,Box Score,Atlanta Hawks,110,New York Knicks,90,,
Sat Nov 16 2013,Box Score,Dallas Mavericks,108,Orlando Magic,100,,
Sat Nov 16 2013,Box Score,Cleveland Cavaliers,103,Washington Wizards,96,OT,
Sun Nov 17 2013,Box Score,Detroit Pistons,99,Los Angeles Lakers,114,,
Sun Nov 17 2013,Box Score,Memphis Grizzlies,97,Sacramento Kings,86,,
Sun Nov 17 2013,Box Score,Portland Trail Blazers,118,Toronto Raptors,110,OT,
Mon Nov 18 2013,Box Score,Portland Trail Blazers,108,Brooklyn Nets,98,,
Mon Nov 18 2013,Box Score,Charlotte Bobcats,81,Chicago Bulls,86,,
Mon Nov 18 2013,Box Score,Philadelphia 76ers,94,Dallas Mavericks,97,,
Mon Nov 18 2013,Box Score,Memphis Grizzlies,106,Los Angeles Clippers,102,,
Mon Nov 18 2013,Box Score,Denver Nuggets,113,Oklahoma City Thunder,115,,
Mon Nov 18 2013,Box Score,Golden State Warriors,98,Utah Jazz,87,,
Tue Nov 19 2013,Box Score,New York Knicks,86,Detroit Pistons,92,,
Tue Nov 19 2013,Box Score,Boston Celtics,85,Houston Rockets,109,,
Tue Nov 19 2013,Box Score,Atlanta Hawks,88,Miami Heat,104,,
Tue Nov 19 2013,Box Score,Phoenix Suns,104,Sacramento Kings,107,,
Tue Nov 19 2013,Box Score,Minnesota Timberwolves,100,Washington Wizards,104,,
Wed Nov 20 2013,Box Score,Detroit Pistons,85,Atlanta Hawks,93,,
Wed Nov 20 2013,Box Score,Brooklyn Nets,91,Charlotte Bobcats,95,,
Wed Nov 20 2013,Box Score,Washington Wizards,98,Cleveland Cavaliers,91,,
Wed Nov 20 2013,Box Score,Houston Rockets,120,Dallas Mavericks,123,,
Wed Nov 20 2013,Box Score,Memphis Grizzlies,88,Golden State Warriors,81,OT,
Wed Nov 20 2013,Box Score,Portland Trail Blazers,91,Milwaukee Bucks,82,,
Wed Nov 20 2013,Box Score,Los Angeles Clippers,102,Minnesota Timberwolves,98,,
Wed Nov 20 2013,Box Score,Utah Jazz,98,New Orleans Pelicans,105,,
Wed Nov 20 2013,Box Score,Indiana Pacers,103,New York Knicks,96,OT,
Wed Nov 20 2013,Box Score,Miami Heat,120,Orlando Magic,92,,
Wed Nov 20 2013,Box Score,Toronto Raptors,108,Philadelphia 76ers,98,,
Wed Nov 20 2013,Box Score,Sacramento Kings,113,Phoenix Suns,106,,
Wed Nov 20 2013,Box Score,Boston Celtics,93,San Antonio Spurs,104,,
Thu Nov 21 2013,Box Score,Chicago Bulls,87,Denver Nuggets,97,,
Thu Nov 21 2013,Box Score,Los Angeles Clippers,91,Oklahoma City Thunder,105,,
Fri Nov 22 2013,Box Score,Indiana Pacers,97,Boston Celtics,82,,
Fri Nov 22 2013,Box Score,Phoenix Suns,98,Charlotte Bobcats,91,,
Fri Nov 22 2013,Box Score,Utah Jazz,93,Dallas Mavericks,103,,
Fri Nov 22 2013,Box Score,Atlanta Hawks,96,Detroit Pistons,89,,
Fri Nov 22 2013,Box Score,Golden State Warriors,95,Los Angeles Lakers,102,,
Fri Nov 22 2013,Box Score,San Antonio Spurs,102,Memphis Grizzlies,86,,
Fri Nov 22 2013,Box Score,Brooklyn Nets,81,Minnesota Timberwolves,111,,
Fri Nov 22 2013,Box Score,Cleveland Cavaliers,100,New Orleans Pelicans,104,,
Fri Nov 22 2013,Box Score,Milwaukee Bucks,107,Philadelphia 76ers,115,OT,
Fri Nov 22 2013,Box Score,Chicago Bulls,95,Portland Trail Blazers,98,,
Fri Nov 22 2013,Box Score,Washington Wizards,88,Toronto Raptors,96,,
Sat Nov 23 2013,Box Score,Boston Celtics,94,Atlanta Hawks,87,,
Sat Nov 23 2013,Box Score,Dallas Mavericks,100,Denver Nuggets,102,,
Sat Nov 23 2013,Box Score,Portland Trail Blazers,113,Golden State Warriors,101,,
Sat Nov 23 2013,Box Score,Minnesota Timberwolves,101,Houston Rockets,112,,
Sat Nov 23 2013,Box Score,Philadelphia 76ers,98,Indiana Pacers,106,,
Sat Nov 23 2013,Box Score,Sacramento Kings,102,Los Angeles Clippers,103,,
Sat Nov 23 2013,Box Score,Orlando Magic,99,Miami Heat,101,,
Sat Nov 23 2013,Box Score,Charlotte Bobcats,96,Milwaukee Bucks,72,,
Sat Nov 23 2013,Box Score,Cleveland Cavaliers,96,San Antonio Spurs,126,,
Sat Nov 23 2013,Box Score,New York Knicks,89,Washington Wizards,98,,
Sun Nov 24 2013,Box Score,Detroit Pistons,109,Brooklyn Nets,97,,
Sun Nov 24 2013,Box Score,Chicago Bulls,82,Los Angeles Clippers,121,,
Sun Nov 24 2013,Box Score,Sacramento Kings,86,Los Angeles Lakers,100,,
Sun Nov 24 2013,Box Score,Utah Jazz,73,Oklahoma City Thunder,95,,
Sun Nov 24 2013,Box Score,Phoenix Suns,104,Orlando Magic,96,,
Mon Nov 25 2013,Box Score,Boston Celtics,96,Charlotte Bobcats,86,,
Mon Nov 25 2013,Box Score,Denver Nuggets,110,Dallas Mavericks,96,,
Mon Nov 25 2013,Box Score,Milwaukee Bucks,94,Detroit Pistons,113,,
Mon Nov 25 2013,Box Score,Minnesota Timberwolves,84,Indiana Pacers,98,,
Mon Nov 25 2013,Box Score,Houston Rockets,93,Memphis Grizzlies,86,,
Mon Nov 25 2013,Box Score,Phoenix Suns,92,Miami Heat,107,,
Mon Nov 25 2013,Box Score,New York Knicks,91,Portland Trail Blazers,102,,
Mon Nov 25 2013,Box Score,New Orleans Pelicans,93,San Antonio Spurs,112,,
Mon Nov 25 2013,Box Score,Chicago Bulls,83,Utah Jazz,89,OT,
Tue Nov 26 2013,Box Score,Orlando Magic,109,Atlanta Hawks,92,,
Tue Nov 26 2013,Box Score,Golden State Warriors,102,New Orleans Pelicans,101,,
Tue Nov 26 2013,Box Score,Brooklyn Nets,102,Toronto Raptors,100,,
Tue Nov 26 2013,Box Score,Los Angeles Lakers,111,Washington Wizards,116,,
Wed Nov 27 2013,Box Score,Memphis Grizzlies,100,Boston Celtics,93,,
Wed Nov 27 2013,Box Score,Los Angeles Lakers,99,Brooklyn Nets,94,,
Wed Nov 27 2013,Box Score,Indiana Pacers,99,Charlotte Bobcats,74,,
Wed Nov 27 2013,Box Score,Miami Heat,95,Cleveland Cavaliers,84,,
Wed Nov 27 2013,Box Score,Golden State Warriors,99,Dallas Mavericks,103,,
Wed Nov 27 2013,Box Score,Chicago Bulls,99,Detroit Pistons,79,,
Wed Nov 27 2013,Box Score,Atlanta Hawks,84,Houston Rockets,113,,
Wed Nov 27 2013,Box Score,New York Knicks,80,Los Angeles Clippers,93,,
Wed Nov 27 2013,Box Score,Washington Wizards,100,Milwaukee Bucks,92,OT,
Wed Nov 27 2013,Box Score,Denver Nuggets,117,Minnesota Timberwolves,110,,
Wed Nov 27 2013,Box Score,San Antonio Spurs,88,Oklahoma City Thunder,94,,
Wed Nov 27 2013,Box Score,Philadelphia 76ers,94,Orlando Magic,105,,
Wed Nov 27 2013,Box Score,Portland Trail Blazers,106,Phoenix Suns,120,,
Fri Nov 29 2013,Box Score,Dallas Mavericks,87,Atlanta Hawks,88,,
Fri Nov 29 2013,Box Score,Cleveland Cavaliers,86,Boston Celtics,103,,
Fri Nov 29 2013,Box Score,Milwaukee Bucks,76,Charlotte Bobcats,92,,
Fri Nov 29 2013,Box Score,New York Knicks,95,Denver Nuggets,97,,
Fri Nov 29 2013,Box Score,Los Angeles Lakers,106,Detroit Pistons,102,,
Fri Nov 29 2013,Box Score,Brooklyn Nets,95,Houston Rockets,114,,
Fri Nov 29 2013,Box Score,Washington Wizards,73,Indiana Pacers,93,,
Fri Nov 29 2013,Box Score,Golden State Warriors,112,Oklahoma City Thunder,113,OT,
Fri Nov 29 2013,Box Score,San Antonio Spurs,109,Orlando Magic,91,,
Fri Nov 29 2013,Box Score,New Orleans Pelicans,121,Philadelphia 76ers,105,,
Fri Nov 29 2013,Box Score,Los Angeles Clippers,104,Sacramento Kings,98,OT,
Fri Nov 29 2013,Box Score,Miami Heat,90,Toronto Raptors,83,,
Fri Nov 29 2013,Box Score,Phoenix Suns,112,Utah Jazz,101,,
Sat Nov 30 2013,Box Score,Chicago Bulls,93,Cleveland Cavaliers,97,,
Sat Nov 30 2013,Box Score,Minnesota Timberwolves,112,Dallas Mavericks,106,,
Sat Nov 30 2013,Box Score,Brooklyn Nets,97,Memphis Grizzlies,88,,
Sat Nov 30 2013,Box Score,Boston Celtics,85,Milwaukee Bucks,92,,
Sat Nov 30 2013,Box Score,Utah Jazz,112,Phoenix Suns,104,,
Sat Nov 30 2013,Box Score,Houston Rockets,112,San Antonio Spurs,106,,
Sat Nov 30 2013,Box Score,Atlanta Hawks,101,Washington Wizards,108,,
Sun Dec 1 2013,Box Score,Philadelphia 76ers,100,Detroit Pistons,115,,
Sun Dec 1 2013,Box Score,Indiana Pacers,105,Los Angeles Clippers,100,,
Sun Dec 1 2013,Box Score,Portland Trail Blazers,114,Los Angeles Lakers,108,,
Sun Dec 1 2013,Box Score,Charlotte Bobcats,98,Miami Heat,99,,
Sun Dec 1 2013,Box Score,New Orleans Pelicans,103,New York Knicks,99,,
Sun Dec 1 2013,Box Score,Minnesota Timberwolves,103,Oklahoma City Thunder,113,,
Sun Dec 1 2013,Box Score,Golden State Warriors,115,Sacramento Kings,113,,
Sun Dec 1 2013,Box Score,Denver Nuggets,112,Toronto Raptors,98,,
Mon Dec 2 2013,Box Score,New Orleans Pelicans,131,Chicago Bulls,128,3OT,
Mon Dec 2 2013,Box Score,Indiana Pacers,102,Portland Trail Blazers,106,,
Mon Dec 2 2013,Box Score,Atlanta Hawks,100,San Antonio Spurs,102,,
Mon Dec 2 2013,Box Score,Houston Rockets,103,Utah Jazz,109,,
Mon Dec 2 2013,Box Score,Orlando Magic,80,Washington Wizards,98,,
Tue Dec 3 2013,Box Score,Milwaukee Bucks,100,Boston Celtics,108,,
Tue Dec 3 2013,Box Score,Denver Nuggets,111,Brooklyn Nets,87,,
Tue Dec 3 2013,Box Score,Charlotte Bobcats,82,Dallas Mavericks,89,,
Tue Dec 3 2013,Box Score,Toronto Raptors,103,Golden State Warriors,112,,
Tue Dec 3 2013,Box Score,Phoenix Suns,91,Memphis Grizzlies,110,,
Tue Dec 3 2013,Box Score,Detroit Pistons,107,Miami Heat,97,,
Tue Dec 3 2013,Box Score,Orlando Magic,125,Philadelphia 76ers,126,2OT,
Tue Dec 3 2013,Box Score,Oklahoma City Thunder,97,Sacramento Kings,95,,
Wed Dec 4 2013,Box Score,Los Angeles Clippers,97,Atlanta Hawks,107,,
Wed Dec 4 2013,Box Score,Denver Nuggets,88,Cleveland Cavaliers,98,,
Wed Dec 4 2013,Box Score,Phoenix Suns,97,Houston Rockets,88,,
Wed Dec 4 2013,Box Score,Detroit Pistons,105,Milwaukee Bucks,98,,
Wed Dec 4 2013,Box Score,Dallas Mavericks,100,New Orleans Pelicans,97,,
Wed Dec 4 2013,Box Score,Oklahoma City Thunder,104,Portland Trail Blazers,111,,
Wed Dec 4 2013,Box Score,Indiana Pacers,95,Utah Jazz,86,,
Thu Dec 5 2013,Box Score,New York Knicks,113,Brooklyn Nets,83,,
Thu Dec 5 2013,Box Score,Miami Heat,87,Chicago Bulls,107,,
Thu Dec 5 2013,Box Score,Los Angeles Clippers,101,Memphis Grizzlies,81,,
Fri Dec 6 2013,Box Score,Cleveland Cavaliers,89,Atlanta Hawks,108,,
Fri Dec 6 2013,Box Score,Denver Nuggets,98,Boston Celtics,106,,
Fri Dec 6 2013,Box Score,Philadelphia 76ers,88,Charlotte Bobcats,105,,
Fri Dec 6 2013,Box Score,Golden State Warriors,83,Houston Rockets,105,,
Fri Dec 6 2013,Box Score,Oklahoma City Thunder,109,New Orleans Pelicans,95,,
Fri Dec 6 2013,Box Score,Orlando Magic,83,New York Knicks,121,,
Fri Dec 6 2013,Box Score,Toronto Raptors,97,Phoenix Suns,106,,
Fri Dec 6 2013,Box Score,Utah Jazz,98,Portland Trail Blazers,130,,
Fri Dec 6 2013,Box Score,Los Angeles Lakers,106,Sacramento Kings,100,,
Fri Dec 6 2013,Box Score,Milwaukee Bucks,109,Washington Wizards,105,OT,
Sat Dec 7 2013,Box Score,Detroit Pistons,92,Chicago Bulls,75,,
Sat Dec 7 2013,Box Score,Los Angeles Clippers,82,Cleveland Cavaliers,88,,
Sat Dec 7 2013,Box Score,Golden State Warriors,108,Memphis Grizzlies,82,,
Sat Dec 7 2013,Box Score,Brooklyn Nets,90,Milwaukee Bucks,82,,
Sat Dec 7 2013,Box Score,Miami Heat,103,Minnesota Timberwolves,82,,
Sat Dec 7 2013,Box Score,Denver Nuggets,103,Philadelphia 76ers,92,,
Sat Dec 7 2013,Box Score,Dallas Mavericks,108,Portland Trail Blazers,106,,
Sat Dec 7 2013,Box Score,Indiana Pacers,111,San Antonio Spurs,100,,
Sat Dec 7 2013,Box Score,Sacramento Kings,112,Utah Jazz,102,OT,
Sun Dec 8 2013,Box Score,Miami Heat,110,Detroit Pistons,95,,
Sun Dec 8 2013,Box Score,Orlando Magic,88,Houston Rockets,98,,
Sun Dec 8 2013,Box Score,Toronto Raptors,106,Los Angeles Lakers,94,,
Sun Dec 8 2013,Box Score,Boston Celtics,114,New York Knicks,73,,
Sun Dec 8 2013,Box Score,Indiana Pacers,94,Oklahoma City Thunder,118,,
Mon Dec 9 2013,Box Score,Golden State Warriors,111,Charlotte Bobcats,115,,
Mon Dec 9 2013,Box Score,Orlando Magic,85,Memphis Grizzlies,94,,
Mon Dec 9 2013,Box Score,Los Angeles Clippers,94,Philadelphia 76ers,83,,
Mon Dec 9 2013,Box Score,Dallas Mavericks,97,Sacramento Kings,112,,
Mon Dec 9 2013,Box Score,Portland Trail Blazers,105,Utah Jazz,94,,
Mon Dec 9 2013,Box Score,Denver Nuggets,75,Washington Wizards,74,,
Tue Dec 10 2013,Box Score,Oklahoma City Thunder,101,Atlanta Hawks,92,,
Tue Dec 10 2013,Box Score,Boston Celtics,96,Brooklyn Nets,104,,
Tue Dec 10 2013,Box Score,Milwaukee Bucks,78,Chicago Bulls,74,,
Tue Dec 10 2013,Box Score,New York Knicks,94,Cleveland Cavaliers,109,,
Tue Dec 10 2013,Box Score,Minnesota Timberwolves,121,Detroit Pistons,94,,
Tue Dec 10 2013,Box Score,Miami Heat,84,Indiana Pacers,90,,
Tue Dec 10 2013,Box Score,Phoenix Suns,114,Los Angeles Lakers,108,,
Tue Dec 10 2013,Box Score,San Antonio Spurs,116,Toronto Raptors,103,,
Wed Dec 11 2013,Box Score,Los Angeles Clippers,96,Boston Celtics,88,,
Wed Dec 11 2013,Box Score,Orlando Magic,92,Charlotte Bobcats,83,,
Wed Dec 11 2013,Box Score,Dallas Mavericks,93,Golden State Warriors,95,,
Wed Dec 11 2013,Box Score,Oklahoma City Thunder,116,Memphis Grizzlies,100,,
Wed Dec 11 2013,Box Score,San Antonio Spurs,109,Milwaukee Bucks,77,,
Wed Dec 11 2013,Box Score,Philadelphia 76ers,99,Minnesota Timberwolves,106,,
Wed Dec 11 2013,Box Score,Detroit Pistons,106,New Orleans Pelicans,111,OT,
Wed Dec 11 2013,Box Score,Chicago Bulls,78,New York Knicks,83,,
Wed Dec 11 2013,Box Score,Utah Jazz,122,Sacramento Kings,101,,
Thu Dec 12 2013,Box Score,Los Angeles Clippers,93,Brooklyn Nets,102,,
Thu Dec 12 2013,Box Score,Houston Rockets,104,Portland Trail Blazers,111,,
Fri Dec 13 2013,Box Score,Washington Wizards,99,Atlanta Hawks,101,OT,
Fri Dec 13 2013,Box Score,New York Knicks,86,Boston Celtics,90,,
Fri Dec 13 2013,Box Score,Utah Jazz,103,Denver Nuggets,93,,
Fri Dec 13 2013,Box Score,Brooklyn Nets,99,Detroit Pistons,103,,
Fri Dec 13 2013,Box Score,Houston Rockets,116,Golden State Warriors,112,,
Fri Dec 13 2013,Box Score,Charlotte Bobcats,94,Indiana Pacers,99,,
Fri Dec 13 2013,Box Score,Chicago Bulls,91,Milwaukee Bucks,90,,
Fri Dec 13 2013,Box Score,Memphis Grizzlies,98,New Orleans Pelicans,104,,
Fri Dec 13 2013,Box Score,Los Angeles Lakers,97,Oklahoma City Thunder,122,,
Fri Dec 13 2013,Box Score,Cleveland Cavaliers,109,Orlando Magic,100,,
Fri Dec 13 2013,Box Score,Sacramento Kings,107,Phoenix Suns,116,,
Fri Dec 13 2013,Box Score,Minnesota Timberwolves,110,San Antonio Spurs,117,,
Fri Dec 13 2013,Box Score,Philadelphia 76ers,100,Toronto Raptors,108,,
Sat Dec 14 2013,Box Score,Los Angeles Lakers,88,Charlotte Bobcats,85,,
Sat Dec 14 2013,Box Score,Toronto Raptors,99,Chicago Bulls,77,,
Sat Dec 14 2013,Box Score,Milwaukee Bucks,93,Dallas Mavericks,106,,
Sat Dec 14 2013,Box Score,Cleveland Cavaliers,107,Miami Heat,114,,
Sat Dec 14 2013,Box Score,Atlanta Hawks,106,New York Knicks,111,,
Sat Dec 14 2013,Box Score,Portland Trail Blazers,139,Philadelphia 76ers,105,,
Sat Dec 14 2013,Box Score,San Antonio Spurs,100,Utah Jazz,84,,
Sat Dec 14 2013,Box Score,Los Angeles Clippers,113,Washington Wizards,97,,
Sun Dec 15 2013,Box Score,New Orleans Pelicans,93,Denver Nuggets,102,,
Sun Dec 15 2013,Box Score,Portland Trail Blazers,111,Detroit Pistons,109,OT,
Sun Dec 15 2013,Box Score,Minnesota Timberwolves,101,Memphis Grizzlies,93,,
Sun Dec 15 2013,Box Score,Orlando Magic,98,Oklahoma City Thunder,101,,
Sun Dec 15 2013,Box Score,Golden State Warriors,102,Phoenix Suns,106,,
Sun Dec 15 2013,Box Score,Houston Rockets,91,Sacramento Kings,106,,
Mon Dec 16 2013,Box Score,Los Angeles Lakers,100,Atlanta Hawks,114,,
Mon Dec 16 2013,Box Score,Minnesota Timberwolves,97,Boston Celtics,101,,
Mon Dec 16 2013,Box Score,Philadelphia 76ers,94,Brooklyn Nets,130,,
Mon Dec 16 2013,Box Score,Orlando Magic,83,Chicago Bulls,82,,
Mon Dec 16 2013,Box Score,Detroit Pistons,101,Indiana Pacers,96,,
Mon Dec 16 2013,Box Score,San Antonio Spurs,92,Los Angeles Clippers,115,,
Mon Dec 16 2013,Box Score,Utah Jazz,94,Miami Heat,117,,
Mon Dec 16 2013,Box Score,Washington Wizards,102,New York Knicks,101,,
Tue Dec 17 2013,Box Score,Sacramento Kings,87,Charlotte Bobcats,95,,
Tue Dec 17 2013,Box Score,Portland Trail Blazers,119,Cleveland Cavaliers,116,,
Tue Dec 17 2013,Box Score,Oklahoma City Thunder,105,Denver Nuggets,93,,
Tue Dec 17 2013,Box Score,New Orleans Pelicans,93,Golden State Warriors,104,,
Tue Dec 17 2013,Box Score,Los Angeles Lakers,96,Memphis Grizzlies,92,,
Wed Dec 18 2013,Box Score,Sacramento Kings,107,Atlanta Hawks,124,,
Wed Dec 18 2013,Box Score,Detroit Pistons,107,Boston Celtics,106,,
Wed Dec 18 2013,Box Score,Washington Wizards,113,Brooklyn Nets,107,,
Wed Dec 18 2013,Box Score,Memphis Grizzlies,91,Dallas Mavericks,105,,
Wed Dec 18 2013,Box Score,Chicago Bulls,94,Houston Rockets,109,,
Wed Dec 18 2013,Box Score,New Orleans Pelicans,95,Los Angeles Clippers,108,,
Wed Dec 18 2013,Box Score,Indiana Pacers,94,Miami Heat,97,,
Wed Dec 18 2013,Box Score,New York Knicks,107,Milwaukee Bucks,101,2OT,
Wed Dec 18 2013,Box Score,Portland Trail Blazers,109,Minnesota Timberwolves,120,,
Wed Dec 18 2013,Box Score,Utah Jazz,86,Orlando Magic,82,,
Wed Dec 18 2013,Box Score,San Antonio Spurs,108,Phoenix Suns,101,,
Wed Dec 18 2013,Box Score,Charlotte Bobcats,104,Toronto Raptors,102,OT,
Thu Dec 19 2013,Box Score,San Antonio Spurs,104,Golden State Warriors,102,,
Thu Dec 19 2013,Box Score,Chicago Bulls,95,Oklahoma City Thunder,107,,
Fri Dec 20 2013,Box Score,Utah Jazz,85,Atlanta Hawks,118,,
Fri Dec 20 2013,Box Score,Milwaukee Bucks,111,Cleveland Cavaliers,114,OT,
Fri Dec 20 2013,Box Score,Toronto Raptors,109,Dallas Mavericks,108,OT,
Fri Dec 20 2013,Box Score,Phoenix Suns,103,Denver Nuggets,99,,
Fri Dec 20 2013,Box Score,Charlotte Bobcats,116,Detroit Pistons,106,,
Fri Dec 20 2013,Box Score,Houston Rockets,81,Indiana Pacers,114,,
Fri Dec 20 2013,Box Score,Minnesota Timberwolves,91,Los Angeles Lakers,104,,
Fri Dec 20 2013,Box Score,Sacramento Kings,103,Miami Heat,122,,
Fri Dec 20 2013,Box Score,Brooklyn Nets,120,Philadelphia 76ers,121,OT,
Sat Dec 21 2013,Box Score,Washington Wizards,106,Boston Celtics,99,,
Sat Dec 21 2013,Box Score,Utah Jazz,88,Charlotte Bobcats,85,,
Sat Dec 21 2013,Box Score,Cleveland Cavaliers,84,Chicago Bulls,100,,
Sat Dec 21 2013,Box Score,Houston Rockets,114,Detroit Pistons,97,,
Sat Dec 21 2013,Box Score,Los Angeles Lakers,83,Golden State Warriors,102,,
Sat Dec 21 2013,Box Score,Denver Nuggets,91,Los Angeles Clippers,112,,
Sat Dec 21 2013,Box Score,Philadelphia 76ers,106,Milwaukee Bucks,116,,
Sat Dec 21 2013,Box Score,Memphis Grizzlies,95,New York Knicks,87,,
Sat Dec 21 2013,Box Score,Sacramento Kings,105,Orlando Magic,100,,
Sat Dec 21 2013,Box Score,Dallas Mavericks,108,Phoenix Suns,123,,
Sat Dec 21 2013,Box Score,New Orleans Pelicans,107,Portland Trail Blazers,110,,
Sat Dec 21 2013,Box Score,Oklahoma City Thunder,113,San Antonio Spurs,100,,
Sun Dec 22 2013,Box Score,Boston Celtics,79,Indiana Pacers,106,,
Sun Dec 22 2013,Box Score,Minnesota Timberwolves,116,Los Angeles Clippers,120,OT,
Sun Dec 22 2013,Box Score,Toronto Raptors,104,Oklahoma City Thunder,98,,
Mon Dec 23 2013,Box Score,Indiana Pacers,103,Brooklyn Nets,86,,
Mon Dec 23 2013,Box Score,Milwaukee Bucks,110,Charlotte Bobcats,111,OT,
Mon Dec 23 2013,Box Score,Detroit Pistons,115,Cleveland Cavaliers,92,,
Mon Dec 23 2013,Box Score,Golden State Warriors,89,Denver Nuggets,81,,
Mon Dec 23 2013,Box Score,Dallas Mavericks,111,Houston Rockets,104,,
Mon Dec 23 2013,Box Score,Utah Jazz,94,Memphis Grizzlies,104,,
Mon Dec 23 2013,Box Score,Atlanta Hawks,119,Miami Heat,121,OT,
Mon Dec 23 2013,Box Score,New York Knicks,103,Orlando Magic,98,,
Mon Dec 23 2013,Box Score,Los Angeles Lakers,90,Phoenix Suns,117,,
Mon Dec 23 2013,Box Score,New Orleans Pelicans,113,Sacramento Kings,100,,
Mon Dec 23 2013,Box Score,Toronto Raptors,99,San Antonio Spurs,112,,
Wed Dec 25 2013,Box Score,Chicago Bulls,95,Brooklyn Nets,78,,
Wed Dec 25 2013,Box Score,Los Angeles Clippers,103,Golden State Warriors,105,,
Wed Dec 25 2013,Box Score,Miami Heat,101,Los Angeles Lakers,95,,
Wed Dec 25 2013,Box Score,Oklahoma City Thunder,123,New York Knicks,94,,
Wed Dec 25 2013,Box Score,Houston Rockets,111,San Antonio Spurs,98,,
Thu Dec 26 2013,Box Score,Atlanta Hawks,127,Cleveland Cavaliers,125,2OT,
Thu Dec 26 2013,Box Score,San Antonio Spurs,116,Dallas Mavericks,107,,
Thu Dec 26 2013,Box Score,Memphis Grizzlies,92,Houston Rockets,100,,
Thu Dec 26 2013,Box Score,Los Angeles Clippers,112,Portland Trail Blazers,116,OT,
Fri Dec 27 2013,Box Score,Milwaukee Bucks,93,Brooklyn Nets,104,,
Fri Dec 27 2013,Box Score,Oklahoma City Thunder,89,Charlotte Bobcats,85,,
Fri Dec 27 2013,Box Score,Phoenix Suns,86,Golden State Warriors,115,,
Fri Dec 27 2013,Box Score,Washington Wizards,98,Minnesota Timberwolves,120,,
Fri Dec 27 2013,Box Score,Denver Nuggets,89,New Orleans Pelicans,105,,
Fri Dec 27 2013,Box Score,Toronto Raptors,95,New York Knicks,83,,
Fri Dec 27 2013,Box Score,Detroit Pistons,92,Orlando Magic,109,,
Fri Dec 27 2013,Box Score,Miami Heat,103,Sacramento Kings,108,OT,
Fri Dec 27 2013,Box Score,Los Angeles Lakers,103,Utah Jazz,105,,
Sat Dec 28 2013,Box Score,Charlotte Bobcats,116,Atlanta Hawks,118,OT,
Sat Dec 28 2013,Box Score,Cleveland Cavaliers,100,Boston Celtics,103,,
Sat Dec 28 2013,Box Score,Dallas Mavericks,105,Chicago Bulls,83,,
Sat Dec 28 2013,Box Score,New Orleans Pelicans,98,Houston Rockets,107,,
Sat Dec 28 2013,Box Score,Brooklyn Nets,91,Indiana Pacers,105,,
Sat Dec 28 2013,Box Score,Utah Jazz,90,Los Angeles Clippers,98,,
Sat Dec 28 2013,Box Score,Denver Nuggets,99,Memphis Grizzlies,120,,
Sat Dec 28 2013,Box Score,Minnesota Timberwolves,117,Milwaukee Bucks,95,,
Sat Dec 28 2013,Box Score,Philadelphia 76ers,101,Phoenix Suns,115,,
Sat Dec 28 2013,Box Score,Miami Heat,108,Portland Trail Blazers,107,,
Sat Dec 28 2013,Box Score,New York Knicks,100,Toronto Raptors,115,,
Sat Dec 28 2013,Box Score,Detroit Pistons,82,Washington Wizards,106,,
Sun Dec 29 2013,Box Score,Golden State Warriors,108,Cleveland Cavaliers,104,OT,
Sun Dec 29 2013,Box Score,Philadelphia 76ers,111,Los Angeles Lakers,104,,
Sun Dec 29 2013,Box Score,Houston Rockets,86,Oklahoma City Thunder,117,,
Sun Dec 29 2013,Box Score,Atlanta Hawks,102,Orlando Magic,109,,
Sun Dec 29 2013,Box Score,Sacramento Kings,104,San Antonio Spurs,112,,
Mon Dec 30 2013,Box Score,Miami Heat,97,Denver Nuggets,94,,
Mon Dec 30 2013,Box Score,Washington Wizards,106,Detroit Pistons,99,,
Mon Dec 30 2013,Box Score,Phoenix Suns,107,Los Angeles Clippers,88,,
Mon Dec 30 2013,Box Score,Chicago Bulls,95,Memphis Grizzlies,91,,
Mon Dec 30 2013,Box Score,Dallas Mavericks,100,Minnesota Timberwolves,98,,
Mon Dec 30 2013,Box Score,Portland Trail Blazers,108,New Orleans Pelicans,110,,
Mon Dec 30 2013,Box Score,Charlotte Bobcats,80,Utah Jazz,83,,
Tue Dec 31 2013,Box Score,Atlanta Hawks,92,Boston Celtics,91,,
Tue Dec 31 2013,Box Score,Toronto Raptors,85,Chicago Bulls,79,,
Tue Dec 31 2013,Box Score,Sacramento Kings,110,Houston Rockets,106,,
Tue Dec 31 2013,Box Score,Cleveland Cavaliers,76,Indiana Pacers,91,,
Tue Dec 31 2013,Box Score,Milwaukee Bucks,94,Los Angeles Lakers,79,,
Tue Dec 31 2013,Box Score,Portland Trail Blazers,98,Oklahoma City Thunder,94,,
Tue Dec 31 2013,Box Score,Golden State Warriors,94,Orlando Magic,81,,
Tue Dec 31 2013,Box Score,Brooklyn Nets,92,San Antonio Spurs,113,,
Wed Jan 1 2014,Box Score,Philadelphia 76ers,114,Denver Nuggets,102,,
Wed Jan 1 2014,Box Score,Charlotte Bobcats,85,Los Angeles Clippers,112,,
Wed Jan 1 2014,Box Score,New Orleans Pelicans,112,Minnesota Timberwolves,124,,
Wed Jan 1 2014,Box Score,Indiana Pacers,82,Toronto Raptors,95,,
Wed Jan 1 2014,Box Score,Dallas Mavericks,87,Washington Wizards,78,,
Thu Jan 2 2014,Box Score,Boston Celtics,82,Chicago Bulls,94,,
Thu Jan 2 2014,Box Score,Orlando Magic,81,Cleveland Cavaliers,87,OT,
Thu Jan 2 2014,Box Score,Golden State Warriors,123,Miami Heat,114,,
Thu Jan 2 2014,Box Score,Brooklyn Nets,95,Oklahoma City Thunder,93,,
Thu Jan 2 2014,Box Score,Memphis Grizzlies,99,Phoenix Suns,91,,
Thu Jan 2 2014,Box Score,Charlotte Bobcats,104,Portland Trail Blazers,134,,
Thu Jan 2 2014,Box Score,Philadelphia 76ers,113,Sacramento Kings,104,,
Thu Jan 2 2014,Box Score,New York Knicks,105,San Antonio Spurs,101,,
Thu Jan 2 2014,Box Score,Milwaukee Bucks,87,Utah Jazz,96,,
Fri Jan 3 2014,Box Score,Golden State Warriors,101,Atlanta Hawks,100,,
Fri Jan 3 2014,Box Score,New Orleans Pelicans,95,Boston Celtics,92,,
Fri Jan 3 2014,Box Score,Los Angeles Clippers,119,Dallas Mavericks,112,,
Fri Jan 3 2014,Box Score,Memphis Grizzlies,108,Denver Nuggets,111,,
Fri Jan 3 2014,Box Score,New York Knicks,100,Houston Rockets,102,,
Fri Jan 3 2014,Box Score,Utah Jazz,99,Los Angeles Lakers,110,,
Fri Jan 3 2014,Box Score,Toronto Raptors,101,Washington Wizards,88,,
Sat Jan 4 2014,Box Score,Cleveland Cavaliers,82,Brooklyn Nets,89,,
Sat Jan 4 2014,Box Score,Atlanta Hawks,84,Chicago Bulls,91,,
Sat Jan 4 2014,Box Score,New Orleans Pelicans,82,Indiana Pacers,99,,
Sat Jan 4 2014,Box Score,Oklahoma City Thunder,115,Minnesota Timberwolves,111,,
Sat Jan 4 2014,Box Score,Miami Heat,110,Orlando Magic,94,,
Sat Jan 4 2014,Box Score,Milwaukee Bucks,100,Phoenix Suns,116,,
Sat Jan 4 2014,Box Score,Philadelphia 76ers,101,Portland Trail Blazers,99,,
Sat Jan 4 2014,Box Score,Charlotte Bobcats,113,Sacramento Kings,103,,
Sat Jan 4 2014,Box Score,Los Angeles Clippers,92,San Antonio Spurs,116,,
Sun Jan 5 2014,Box Score,Indiana Pacers,82,Cleveland Cavaliers,78,,
Sun Jan 5 2014,Box Score,New York Knicks,92,Dallas Mavericks,80,,
Sun Jan 5 2014,Box Score,Memphis Grizzlies,112,Detroit Pistons,84,,
Sun Jan 5 2014,Box Score,Denver Nuggets,137,Los Angeles Lakers,115,,
Sun Jan 5 2014,Box Score,Toronto Raptors,97,Miami Heat,102,,
Sun Jan 5 2014,Box Score,Boston Celtics,96,Oklahoma City Thunder,119,,
Sun Jan 5 2014,Box Score,Golden State Warriors,112,Washington Wizards,96,,
Mon Jan 6 2014,Box Score,Atlanta Hawks,86,Brooklyn Nets,91,,
Mon Jan 6 2014,Box Score,Orlando Magic,81,Los Angeles Clippers,101,,
Mon Jan 6 2014,Box Score,Minnesota Timberwolves,126,Philadelphia 76ers,95,,
Tue Jan 7 2014,Box Score,Washington Wizards,97,Charlotte Bobcats,83,,
Tue Jan 7 2014,Box Score,Phoenix Suns,87,Chicago Bulls,92,,
Tue Jan 7 2014,Box Score,Philadelphia 76ers,93,Cleveland Cavaliers,111,,
Tue Jan 7 2014,Box Score,Los Angeles Lakers,97,Dallas Mavericks,110,,
Tue Jan 7 2014,Box Score,Boston Celtics,98,Denver Nuggets,129,,
Tue Jan 7 2014,Box Score,Toronto Raptors,79,Indiana Pacers,86,,
Tue Jan 7 2014,Box Score,San Antonio Spurs,110,Memphis Grizzlies,108,OT,
Tue Jan 7 2014,Box Score,New Orleans Pelicans,88,Miami Heat,107,,
Tue Jan 7 2014,Box Score,Golden State Warriors,101,Milwaukee Bucks,80,,
Tue Jan 7 2014,Box Score,Detroit Pistons,85,New York Knicks,89,,
Tue Jan 7 2014,Box Score,Portland Trail Blazers,119,Sacramento Kings,123,,
Tue Jan 7 2014,Box Score,Oklahoma City Thunder,101,Utah Jazz,112,,
Wed Jan 8 2014,Box Score,Indiana Pacers,87,Atlanta Hawks,97,,
Wed Jan 8 2014,Box Score,Golden State Warriors,98,Brooklyn Nets,102,,
Wed Jan 8 2014,Box Score,Los Angeles Lakers,99,Houston Rockets,113,,
Wed Jan 8 2014,Box Score,Boston Celtics,105,Los Angeles Clippers,111,,
Wed Jan 8 2014,Box Score,Phoenix Suns,104,Minnesota Timberwolves,103,,
Wed Jan 8 2014,Box Score,Washington Wizards,102,New Orleans Pelicans,96,,
Wed Jan 8 2014,Box Score,Orlando Magic,94,Portland Trail Blazers,110,,
Wed Jan 8 2014,Box Score,Dallas Mavericks,90,San Antonio Spurs,112,,
Wed Jan 8 2014,Box Score,Detroit Pistons,91,Toronto Raptors,112,,
Thu Jan 9 2014,Box Score,Oklahoma City Thunder,88,Denver Nuggets,101,,
Thu Jan 9 2014,Box Score,Miami Heat,92,New York Knicks,102,,
Fri Jan 10 2014,Box Score,Houston Rockets,80,Atlanta Hawks,83,,
Fri Jan 10 2014,Box Score,Miami Heat,95,Brooklyn Nets,104,2OT,
Fri Jan 10 2014,Box Score,Boston Celtics,97,Golden State Warriors,99,,
Fri Jan 10 2014,Box Score,Washington Wizards,66,Indiana Pacers,93,,
Fri Jan 10 2014,Box Score,Los Angeles Lakers,87,Los Angeles Clippers,123,,
Fri Jan 10 2014,Box Score,Phoenix Suns,99,Memphis Grizzlies,104,,
Fri Jan 10 2014,Box Score,Chicago Bulls,81,Milwaukee Bucks,72,,
Fri Jan 10 2014,Box Score,Charlotte Bobcats,92,Minnesota Timberwolves,119,,
Fri Jan 10 2014,Box Score,Dallas Mavericks,107,New Orleans Pelicans,90,,
Fri Jan 10 2014,Box Score,Detroit Pistons,114,Philadelphia 76ers,104,,
Fri Jan 10 2014,Box Score,Orlando Magic,83,Sacramento Kings,103,,
Fri Jan 10 2014,Box Score,Cleveland Cavaliers,113,Utah Jazz,102,,
Sat Jan 11 2014,Box Score,Charlotte Bobcats,97,Chicago Bulls,103,,
Sat Jan 11 2014,Box Score,New Orleans Pelicans,107,Dallas Mavericks,110,,
Sat Jan 11 2014,Box Score,Orlando Magic,94,Denver Nuggets,120,,
Sat Jan 11 2014,Box Score,Phoenix Suns,108,Detroit Pistons,110,,
Sat Jan 11 2014,Box Score,Milwaukee Bucks,85,Oklahoma City Thunder,101,,
Sat Jan 11 2014,Box Score,New York Knicks,102,Philadelphia 76ers,92,,
Sat Jan 11 2014,Box Score,Boston Celtics,104,Portland Trail Blazers,112,,
Sat Jan 11 2014,Box Score,Brooklyn Nets,80,Toronto Raptors,96,,
Sat Jan 11 2014,Box Score,Houston Rockets,114,Washington Wizards,107,,
Sun Jan 12 2014,Box Score,Atlanta Hawks,101,Memphis Grizzlies,108,,
Sun Jan 12 2014,Box Score,Cleveland Cavaliers,80,Sacramento Kings,124,,
Sun Jan 12 2014,Box Score,Minnesota Timberwolves,86,San Antonio Spurs,104,,
Mon Jan 13 2014,Box Score,Houston Rockets,104,Boston Celtics,92,,
Mon Jan 13 2014,Box Score,Washington Wizards,102,Chicago Bulls,88,,
Mon Jan 13 2014,Box Score,Orlando Magic,88,Dallas Mavericks,107,,
Mon Jan 13 2014,Box Score,San Antonio Spurs,101,New Orleans Pelicans,95,,
Mon Jan 13 2014,Box Score,Phoenix Suns,96,New York Knicks,98,OT,
Mon Jan 13 2014,Box Score,Milwaukee Bucks,94,Toronto Raptors,116,,
Mon Jan 13 2014,Box Score,Denver Nuggets,103,Utah Jazz,118,,
Tue Jan 14 2014,Box Score,New York Knicks,98,Charlotte Bobcats,108,,
Tue Jan 14 2014,Box Score,Sacramento Kings,92,Indiana Pacers,116,,
Tue Jan 14 2014,Box Score,Cleveland Cavaliers,120,Los Angeles Lakers,118,,
Tue Jan 14 2014,Box Score,Oklahoma City Thunder,87,Memphis Grizzlies,90,,
Wed Jan 15 2014,Box Score,Toronto Raptors,83,Boston Celtics,88,,
Wed Jan 15 2014,Box Score,Denver Nuggets,123,Golden State Warriors,116,,
Wed Jan 15 2014,Box Score,Dallas Mavericks,127,Los Angeles Clippers,129,,
Wed Jan 15 2014,Box Score,Memphis Grizzlies,82,Milwaukee Bucks,77,,
Wed Jan 15 2014,Box Score,Sacramento Kings,111,Minnesota Timberwolves,108,,
Wed Jan 15 2014,Box Score,Houston Rockets,103,New Orleans Pelicans,100,,
Wed Jan 15 2014,Box Score,Chicago Bulls,128,Orlando Magic,125,3OT,
Wed Jan 15 2014,Box Score,Charlotte Bobcats,92,Philadelphia 76ers,95,,
Wed Jan 15 2014,Box Score,Los Angeles Lakers,114,Phoenix Suns,121,,
Wed Jan 15 2014,Box Score,Cleveland Cavaliers,96,Portland Trail Blazers,108,,
Wed Jan 15 2014,Box Score,Utah Jazz,105,San Antonio Spurs,109,,
Wed Jan 15 2014,Box Score,Miami Heat,97,Washington Wizards,114,,
Thu Jan 16 2014,Box Score,Brooklyn Nets,127,Atlanta Hawks,110,,at London England
Thu Jan 16 2014,Box Score,Oklahoma City Thunder,104,Houston Rockets,92,,
Thu Jan 16 2014,Box Score,New York Knicks,89,Indiana Pacers,117,,
Fri Jan 17 2014,Box Score,Los Angeles Lakers,107,Boston Celtics,104,,
Fri Jan 17 2014,Box Score,Cleveland Cavaliers,117,Denver Nuggets,109,,
Fri Jan 17 2014,Box Score,Utah Jazz,110,Detroit Pistons,89,,
Fri Jan 17 2014,Box Score,Sacramento Kings,90,Memphis Grizzlies,91,,
Fri Jan 17 2014,Box Score,Los Angeles Clippers,109,New York Knicks,95,,
Fri Jan 17 2014,Box Score,Golden State Warriors,121,Oklahoma City Thunder,127,,
Fri Jan 17 2014,Box Score,Charlotte Bobcats,111,Orlando Magic,101,,
Fri Jan 17 2014,Box Score,Miami Heat,101,Philadelphia 76ers,86,,
Fri Jan 17 2014,Box Score,Dallas Mavericks,110,Phoenix Suns,107,,
Fri Jan 17 2014,Box Score,Portland Trail Blazers,109,San Antonio Spurs,100,,
Fri Jan 17 2014,Box Score,Minnesota Timberwolves,89,Toronto Raptors,94,,
Fri Jan 17 2014,Box Score,Chicago Bulls,93,Washington Wizards,96,,
Sat Jan 18 2014,Box Score,Miami Heat,104,Charlotte Bobcats,96,OT,
Sat Jan 18 2014,Box Score,Philadelphia 76ers,78,Chicago Bulls,103,,
Sat Jan 18 2014,Box Score,Portland Trail Blazers,127,Dallas Mavericks,111,,
Sat Jan 18 2014,Box Score,Milwaukee Bucks,104,Houston Rockets,114,,
Sat Jan 18 2014,Box Score,Los Angeles Clippers,92,Indiana Pacers,106,,
Sat Jan 18 2014,Box Score,Utah Jazz,72,Minnesota Timberwolves,98,,
Sat Jan 18 2014,Box Score,Golden State Warriors,97,New Orleans Pelicans,87,,
Sat Jan 18 2014,Box Score,Detroit Pistons,104,Washington Wizards,98,,
Sun Jan 19 2014,Box Score,Sacramento Kings,93,Oklahoma City Thunder,108,,
Sun Jan 19 2014,Box Score,Boston Celtics,91,Orlando Magic,93,,
Sun Jan 19 2014,Box Score,Denver Nuggets,103,Phoenix Suns,117,,
Sun Jan 19 2014,Box Score,Milwaukee Bucks,82,San Antonio Spurs,110,,
Sun Jan 19 2014,Box Score,Los Angeles Lakers,112,Toronto Raptors,106,,
Mon Jan 20 2014,Box Score,Miami Heat,114,Atlanta Hawks,121,,
Mon Jan 20 2014,Box Score,Toronto Raptors,95,Charlotte Bobcats,100,,
Mon Jan 20 2014,Box Score,Los Angeles Lakers,100,Chicago Bulls,102,OT,
Mon Jan 20 2014,Box Score,Dallas Mavericks,102,Cleveland Cavaliers,97,,
Mon Jan 20 2014,Box Score,Los Angeles Clippers,112,Detroit Pistons,103,,
Mon Jan 20 2014,Box Score,Indiana Pacers,102,Golden State Warriors,94,,
Mon Jan 20 2014,Box Score,Portland Trail Blazers,113,Houston Rockets,126,,
Mon Jan 20 2014,Box Score,New Orleans Pelicans,95,Memphis Grizzlies,92,,
Mon Jan 20 2014,Box Score,Brooklyn Nets,103,New York Knicks,80,,
Mon Jan 20 2014,Box Score,Philadelphia 76ers,99,Washington Wizards,107,,
Tue Jan 21 2014,Box Score,Orlando Magic,90,Brooklyn Nets,101,,
Tue Jan 21 2014,Box Score,Boston Celtics,86,Miami Heat,93,,
Tue Jan 21 2014,Box Score,Sacramento Kings,114,New Orleans Pelicans,97,,
Tue Jan 21 2014,Box Score,Portland Trail Blazers,97,Oklahoma City Thunder,105,,
Tue Jan 21 2014,Box Score,Minnesota Timberwolves,112,Utah Jazz,97,,
Wed Jan 22 2014,Box Score,Los Angeles Clippers,91,Charlotte Bobcats,95,,
Wed Jan 22 2014,Box Score,Chicago Bulls,98,Cleveland Cavaliers,87,,
Wed Jan 22 2014,Box Score,Sacramento Kings,98,Houston Rockets,119,,
Wed Jan 22 2014,Box Score,Detroit Pistons,101,Milwaukee Bucks,104,,
Wed Jan 22 2014,Box Score,Philadelphia 76ers,110,New York Knicks,106,,
Wed Jan 22 2014,Box Score,Atlanta Hawks,112,Orlando Magic,109,,
Wed Jan 22 2014,Box Score,Indiana Pacers,100,Phoenix Suns,124,,
Wed Jan 22 2014,Box Score,Oklahoma City Thunder,111,San Antonio Spurs,105,,
Wed Jan 22 2014,Box Score,Dallas Mavericks,85,Toronto Raptors,93,,
Wed Jan 22 2014,Box Score,Boston Celtics,113,Washington Wizards,111,OT,
Thu Jan 23 2014,Box Score,Los Angeles Lakers,102,Miami Heat,109,,
Thu Jan 23 2014,Box Score,Denver Nuggets,105,Portland Trail Blazers,110,,
Fri Jan 24 2014,Box Score,San Antonio Spurs,105,Atlanta Hawks,79,,
Fri Jan 24 2014,Box Score,Oklahoma City Thunder,101,Boston Celtics,83,,
Fri Jan 24 2014,Box Score,Dallas Mavericks,106,Brooklyn Nets,107,,
Fri Jan 24 2014,Box Score,Los Angeles Clippers,112,Chicago Bulls,95,,
Fri Jan 24 2014,Box Score,Milwaukee Bucks,78,Cleveland Cavaliers,93,,
Fri Jan 24 2014,Box Score,New Orleans Pelicans,103,Detroit Pistons,101,,
Fri Jan 24 2014,Box Score,Minnesota Timberwolves,121,Golden State Warriors,120,,
Fri Jan 24 2014,Box Score,Memphis Grizzlies,88,Houston Rockets,87,,
Fri Jan 24 2014,Box Score,Charlotte Bobcats,96,New York Knicks,125,,
Fri Jan 24 2014,Box Score,Los Angeles Lakers,105,Orlando Magic,114,,
Fri Jan 24 2014,Box Score,Toronto Raptors,104,Philadelphia 76ers,95,,
Fri Jan 24 2014,Box Score,Washington Wizards,101,Phoenix Suns,95,,
Fri Jan 24 2014,Box Score,Indiana Pacers,116,Sacramento Kings,111,OT,
Sat Jan 25 2014,Box Score,Chicago Bulls,89,Charlotte Bobcats,87,,
Sat Jan 25 2014,Box Score,Indiana Pacers,96,Denver Nuggets,109,,
Sat Jan 25 2014,Box Score,Houston Rockets,81,Memphis Grizzlies,99,,
Sat Jan 25 2014,Box Score,Atlanta Hawks,112,Milwaukee Bucks,87,,
Sat Jan 25 2014,Box Score,Oklahoma City Thunder,103,Philadelphia 76ers,91,,
Sat Jan 25 2014,Box Score,Minnesota Timberwolves,104,Portland Trail Blazers,115,,
Sat Jan 25 2014,Box Score,Los Angeles Clippers,126,Toronto Raptors,118,,
Sat Jan 25 2014,Box Score,Washington Wizards,101,Utah Jazz,104,,
Sun Jan 26 2014,Box Score,Brooklyn Nets,85,Boston Celtics,79,,
Sun Jan 26 2014,Box Score,Phoenix Suns,99,Cleveland Cavaliers,90,,
Sun Jan 26 2014,Box Score,Detroit Pistons,106,Dallas Mavericks,116,,
Sun Jan 26 2014,Box Score,Portland Trail Blazers,88,Golden State Warriors,103,,
Sun Jan 26 2014,Box Score,San Antonio Spurs,101,Miami Heat,113,,
Sun Jan 26 2014,Box Score,Orlando Magic,92,New Orleans Pelicans,100,,
Sun Jan 26 2014,Box Score,Los Angeles Lakers,103,New York Knicks,110,,
Sun Jan 26 2014,Box Score,Denver Nuggets,125,Sacramento Kings,117,,
Mon Jan 27 2014,Box Score,Toronto Raptors,104,Brooklyn Nets,103,,
Mon Jan 27 2014,Box Score,Minnesota Timberwolves,95,Chicago Bulls,86,,
Mon Jan 27 2014,Box Score,Los Angeles Clippers,114,Milwaukee Bucks,86,,
Mon Jan 27 2014,Box Score,Atlanta Hawks,109,Oklahoma City Thunder,111,,
Mon Jan 27 2014,Box Score,Phoenix Suns,124,Philadelphia 76ers,113,,
Mon Jan 27 2014,Box Score,Sacramento Kings,99,Utah Jazz,106,,
Tue Jan 28 2014,Box Score,New Orleans Pelicans,100,Cleveland Cavaliers,89,,
Tue Jan 28 2014,Box Score,Orlando Magic,87,Detroit Pistons,103,,
Tue Jan 28 2014,Box Score,Washington Wizards,88,Golden State Warriors,85,,
Tue Jan 28 2014,Box Score,San Antonio Spurs,90,Houston Rockets,97,,
Tue Jan 28 2014,Box Score,Indiana Pacers,104,Los Angeles Lakers,92,,
Tue Jan 28 2014,Box Score,Boston Celtics,88,New York Knicks,114,,
Tue Jan 28 2014,Box Score,Memphis Grizzlies,98,Portland Trail Blazers,81,,
Wed Jan 29 2014,Box Score,Philadelphia 76ers,95,Boston Celtics,94,,
Wed Jan 29 2014,Box Score,Houston Rockets,117,Dallas Mavericks,115,,
Wed Jan 29 2014,Box Score,Charlotte Bobcats,101,Denver Nuggets,98,,
Wed Jan 29 2014,Box Score,Washington Wizards,103,Los Angeles Clippers,110,,
Wed Jan 29 2014,Box Score,Oklahoma City Thunder,112,Miami Heat,95,,
Wed Jan 29 2014,Box Score,Phoenix Suns,126,Milwaukee Bucks,117,,
Wed Jan 29 2014,Box Score,New Orleans Pelicans,77,Minnesota Timberwolves,88,,
Wed Jan 29 2014,Box Score,Memphis Grizzlies,99,Sacramento Kings,89,,
Wed Jan 29 2014,Box Score,Chicago Bulls,96,San Antonio Spurs,86,,
Wed Jan 29 2014,Box Score,Orlando Magic,83,Toronto Raptors,98,,
Thu Jan 30 2014,Box Score,Los Angeles Clippers,92,Golden State Warriors,111,,
Thu Jan 30 2014,Box Score,Phoenix Suns,102,Indiana Pacers,94,,
Thu Jan 30 2014,Box Score,Cleveland Cavaliers,86,New York Knicks,117,,
Fri Jan 31 2014,Box Score,Oklahoma City Thunder,120,Brooklyn Nets,95,,
Fri Jan 31 2014,Box Score,Sacramento Kings,103,Dallas Mavericks,107,,
Fri Jan 31 2014,Box Score,Toronto Raptors,100,Denver Nuggets,90,,
Fri Jan 31 2014,Box Score,Charlotte Bobcats,110,Los Angeles Lakers,100,,
Fri Jan 31 2014,Box Score,Memphis Grizzlies,94,Minnesota Timberwolves,90,,
Fri Jan 31 2014,Box Score,Milwaukee Bucks,102,Orlando Magic,113,,
Fri Jan 31 2014,Box Score,Atlanta Hawks,125,Philadelphia 76ers,99,,
Fri Jan 31 2014,Box Score,Golden State Warriors,95,Utah Jazz,90,,
Sat Feb 1 2014,Box Score,Minnesota Timberwolves,113,Atlanta Hawks,120,,
Sat Feb 1 2014,Box Score,Philadelphia 76ers,96,Detroit Pistons,113,,
Sat Feb 1 2014,Box Score,Cleveland Cavaliers,92,Houston Rockets,106,,
Sat Feb 1 2014,Box Score,Brooklyn Nets,96,Indiana Pacers,97,,
Sat Feb 1 2014,Box Score,Utah Jazz,87,Los Angeles Clippers,102,,
Sat Feb 1 2014,Box Score,Milwaukee Bucks,90,Memphis Grizzlies,99,,
Sat Feb 1 2014,Box Score,Chicago Bulls,79,New Orleans Pelicans,88,,
Sat Feb 1 2014,Box Score,Miami Heat,106,New York Knicks,91,,
Sat Feb 1 2014,Box Score,Charlotte Bobcats,95,Phoenix Suns,105,,
Sat Feb 1 2014,Box Score,Toronto Raptors,103,Portland Trail Blazers,106,,
Sat Feb 1 2014,Box Score,Sacramento Kings,93,San Antonio Spurs,95,,
Sat Feb 1 2014,Box Score,Oklahoma City Thunder,81,Washington Wizards,96,,
Sun Feb 2 2014,Box Score,Orlando Magic,89,Boston Celtics,96,,
Mon Feb 3 2014,Box Score,Philadelphia 76ers,102,Brooklyn Nets,108,,
Mon Feb 3 2014,Box Score,Cleveland Cavaliers,107,Dallas Mavericks,124,,
Mon Feb 3 2014,Box Score,Los Angeles Clippers,115,Denver Nuggets,116,,
Mon Feb 3 2014,Box Score,Orlando Magic,79,Indiana Pacers,98,,
Mon Feb 3 2014,Box Score,Detroit Pistons,96,Miami Heat,102,,
Mon Feb 3 2014,Box Score,New York Knicks,98,Milwaukee Bucks,101,,
Mon Feb 3 2014,Box Score,San Antonio Spurs,102,New Orleans Pelicans,95,,
Mon Feb 3 2014,Box Score,Memphis Grizzlies,77,Oklahoma City Thunder,86,,
Mon Feb 3 2014,Box Score,Chicago Bulls,70,Sacramento Kings,99,,
Mon Feb 3 2014,Box Score,Toronto Raptors,94,Utah Jazz,79,,
Mon Feb 3 2014,Box Score,Portland Trail Blazers,90,Washington Wizards,100,,
Tue Feb 4 2014,Box Score,Indiana Pacers,89,Atlanta Hawks,85,,
Tue Feb 4 2014,Box Score,Charlotte Bobcats,91,Golden State Warriors,75,,
Tue Feb 4 2014,Box Score,Los Angeles Lakers,99,Minnesota Timberwolves,109,,
Tue Feb 4 2014,Box Score,Chicago Bulls,101,Phoenix Suns,92,,
Wed Feb 5 2014,Box Score,Los Angeles Lakers,119,Cleveland Cavaliers,108,,
Wed Feb 5 2014,Box Score,Milwaukee Bucks,100,Denver Nuggets,110,,
Wed Feb 5 2014,Box Score,Phoenix Suns,108,Houston Rockets,122,,
Wed Feb 5 2014,Box Score,Miami Heat,116,Los Angeles Clippers,112,,
Wed Feb 5 2014,Box Score,Dallas Mavericks,110,Memphis Grizzlies,96,,
Wed Feb 5 2014,Box Score,Atlanta Hawks,100,New Orleans Pelicans,105,,
Wed Feb 5 2014,Box Score,Portland Trail Blazers,94,New York Knicks,90,,
Wed Feb 5 2014,Box Score,Minnesota Timberwolves,97,Oklahoma City Thunder,106,,
Wed Feb 5 2014,Box Score,Detroit Pistons,98,Orlando Magic,112,,
Wed Feb 5 2014,Box Score,Boston Celtics,114,Philadelphia 76ers,108,,
Wed Feb 5 2014,Box Score,Toronto Raptors,101,Sacramento Kings,109,,
Wed Feb 5 2014,Box Score,San Antonio Spurs,125,Washington Wizards,118,2OT,
Thu Feb 6 2014,Box Score,San Antonio Spurs,89,Brooklyn Nets,103,,
Thu Feb 6 2014,Box Score,Chicago Bulls,87,Golden State Warriors,102,,
Fri Feb 7 2014,Box Score,Sacramento Kings,89,Boston Celtics,99,,
Fri Feb 7 2014,Box Score,Utah Jazz,81,Dallas Mavericks,103,,
Fri Feb 7 2014,Box Score,Brooklyn Nets,95,Detroit Pistons,111,,
Fri Feb 7 2014,Box Score,Portland Trail Blazers,113,Indiana Pacers,118,OT,
Fri Feb 7 2014,Box Score,Toronto Raptors,105,Los Angeles Clippers,118,,
Fri Feb 7 2014,Box Score,Minnesota Timberwolves,91,New Orleans Pelicans,98,,
Fri Feb 7 2014,Box Score,Denver Nuggets,90,New York Knicks,117,,
Fri Feb 7 2014,Box Score,Oklahoma City Thunder,102,Orlando Magic,103,,
Fri Feb 7 2014,Box Score,Los Angeles Lakers,112,Philadelphia 76ers,98,,
Fri Feb 7 2014,Box Score,Cleveland Cavaliers,115,Washington Wizards,113,,
Sat Feb 8 2014,Box Score,Memphis Grizzlies,79,Atlanta Hawks,76,,
Sat Feb 8 2014,Box Score,San Antonio Spurs,104,Charlotte Bobcats,100,,
Sat Feb 8 2014,Box Score,Denver Nuggets,109,Detroit Pistons,126,,
Sat Feb 8 2014,Box Score,Houston Rockets,101,Milwaukee Bucks,95,,
Sat Feb 8 2014,Box Score,Portland Trail Blazers,117,Minnesota Timberwolves,110,,
Sat Feb 8 2014,Box Score,Golden State Warriors,109,Phoenix Suns,122,,
Sat Feb 8 2014,Box Score,Miami Heat,89,Utah Jazz,94,,
Sun Feb 9 2014,Box Score,Dallas Mavericks,102,Boston Celtics,91,,
Sun Feb 9 2014,Box Score,New Orleans Pelicans,81,Brooklyn Nets,93,,
Sun Feb 9 2014,Box Score,Memphis Grizzlies,83,Cleveland Cavaliers,91,OT,
Sun Feb 9 2014,Box Score,Philadelphia 76ers,78,Los Angeles Clippers,123,,
Sun Feb 9 2014,Box Score,Chicago Bulls,92,Los Angeles Lakers,86,,
Sun Feb 9 2014,Box Score,New York Knicks,100,Oklahoma City Thunder,112,,
Sun Feb 9 2014,Box Score,Indiana Pacers,92,Orlando Magic,93,,
Sun Feb 9 2014,Box Score,Sacramento Kings,84,Washington Wizards,93,,
Mon Feb 10 2014,Box Score,San Antonio Spurs,100,Detroit Pistons,109,,
Mon Feb 10 2014,Box Score,Philadelphia 76ers,80,Golden State Warriors,123,,
Mon Feb 10 2014,Box Score,Denver Nuggets,80,Indiana Pacers,119,,
Mon Feb 10 2014,Box Score,Boston Celtics,102,Milwaukee Bucks,86,,
Mon Feb 10 2014,Box Score,Houston Rockets,107,Minnesota Timberwolves,89,,
Mon Feb 10 2014,Box Score,New Orleans Pelicans,101,Toronto Raptors,108,,
Tue Feb 11 2014,Box Score,Dallas Mavericks,89,Charlotte Bobcats,114,,
Tue Feb 11 2014,Box Score,Atlanta Hawks,85,Chicago Bulls,100,,
Tue Feb 11 2014,Box Score,Sacramento Kings,99,Cleveland Cavaliers,109,,
Tue Feb 11 2014,Box Score,Utah Jazz,96,Los Angeles Lakers,79,,
Tue Feb 11 2014,Box Score,Washington Wizards,89,Memphis Grizzlies,92,,
Tue Feb 11 2014,Box Score,Miami Heat,103,Phoenix Suns,97,,
Tue Feb 11 2014,Box Score,Oklahoma City Thunder,98,Portland Trail Blazers,95,,
Wed Feb 12 2014,Box Score,San Antonio Spurs,104,Boston Celtics,92,,
Wed Feb 12 2014,Box Score,Charlotte Bobcats,89,Brooklyn Nets,105,,
Wed Feb 12 2014,Box Score,Cleveland Cavaliers,93,Detroit Pistons,89,,
Wed Feb 12 2014,Box Score,Miami Heat,111,Golden State Warriors,110,,
Wed Feb 12 2014,Box Score,Washington Wizards,112,Houston Rockets,113,,
Wed Feb 12 2014,Box Score,Dallas Mavericks,81,Indiana Pacers,73,,
Wed Feb 12 2014,Box Score,Portland Trail Blazers,117,Los Angeles Clippers,122,,
Wed Feb 12 2014,Box Score,New Orleans Pelicans,102,Milwaukee Bucks,98,,
Wed Feb 12 2014,Box Score,Denver Nuggets,90,Minnesota Timberwolves,117,,
Wed Feb 12 2014,Box Score,Sacramento Kings,106,New York Knicks,101,OT,
Wed Feb 12 2014,Box Score,Memphis Grizzlies,86,Orlando Magic,81,,
Wed Feb 12 2014,Box Score,Atlanta Hawks,83,Toronto Raptors,104,,
Wed Feb 12 2014,Box Score,Philadelphia 76ers,100,Utah Jazz,105,,
Thu Feb 13 2014,Box Score,Brooklyn Nets,76,Chicago Bulls,92,,
Thu Feb 13 2014,Box Score,Oklahoma City Thunder,107,Los Angeles Lakers,103,,
Tue Feb 18 2014,Box Score,Miami Heat,117,Dallas Mavericks,106,,
Tue Feb 18 2014,Box Score,Phoenix Suns,112,Denver Nuggets,107,OT,
Tue Feb 18 2014,Box Score,Charlotte Bobcats,108,Detroit Pistons,96,,
Tue Feb 18 2014,Box Score,Atlanta Hawks,98,Indiana Pacers,108,,
Tue Feb 18 2014,Box Score,San Antonio Spurs,113,Los Angeles Clippers,103,,
Tue Feb 18 2014,Box Score,New York Knicks,93,Memphis Grizzlies,98,,
Tue Feb 18 2014,Box Score,Orlando Magic,100,Milwaukee Bucks,104,,
Tue Feb 18 2014,Box Score,Cleveland Cavaliers,114,Philadelphia 76ers,85,,
Tue Feb 18 2014,Box Score,Toronto Raptors,103,Washington Wizards,93,,
Wed Feb 19 2014,Box Score,Washington Wizards,114,Atlanta Hawks,97,,
Wed Feb 19 2014,Box Score,Detroit Pistons,98,Charlotte Bobcats,116,,
Wed Feb 19 2014,Box Score,Orlando Magic,93,Cleveland Cavaliers,101,,
Wed Feb 19 2014,Box Score,Houston Rockets,134,Los Angeles Lakers,108,,
Wed Feb 19 2014,Box Score,Indiana Pacers,91,Minnesota Timberwolves,104,,
Wed Feb 19 2014,Box Score,New York Knicks,98,New Orleans Pelicans,91,,
Wed Feb 19 2014,Box Score,Boston Celtics,94,Phoenix Suns,100,,
Wed Feb 19 2014,Box Score,San Antonio Spurs,111,Portland Trail Blazers,109,,
Wed Feb 19 2014,Box Score,Golden State Warriors,101,Sacramento Kings,92,,
Wed Feb 19 2014,Box Score,Chicago Bulls,94,Toronto Raptors,92,,
Wed Feb 19 2014,Box Score,Brooklyn Nets,105,Utah Jazz,99,,
Thu Feb 20 2014,Box Score,Houston Rockets,99,Golden State Warriors,102,OT,
Thu Feb 20 2014,Box Score,Denver Nuggets,101,Milwaukee Bucks,90,,
Thu Feb 20 2014,Box Score,Miami Heat,103,Oklahoma City Thunder,81,,
Fri Feb 21 2014,Box Score,New Orleans Pelicans,87,Charlotte Bobcats,90,,
Fri Feb 21 2014,Box Score,Denver Nuggets,89,Chicago Bulls,117,,
Fri Feb 21 2014,Box Score,Atlanta Hawks,107,Detroit Pistons,115,,
Fri Feb 21 2014,Box Score,Boston Celtics,92,Los Angeles Lakers,101,,
Fri Feb 21 2014,Box Score,Los Angeles Clippers,96,Memphis Grizzlies,102,,
Fri Feb 21 2014,Box Score,New York Knicks,121,Orlando Magic,129,2OT,
Fri Feb 21 2014,Box Score,Dallas Mavericks,124,Philadelphia 76ers,112,,
Fri Feb 21 2014,Box Score,San Antonio Spurs,85,Phoenix Suns,106,,
Fri Feb 21 2014,Box Score,Utah Jazz,94,Portland Trail Blazers,102,,
Fri Feb 21 2014,Box Score,Cleveland Cavaliers,91,Toronto Raptors,98,,
Sat Feb 22 2014,Box Score,New York Knicks,98,Atlanta Hawks,107,,
Sat Feb 22 2014,Box Score,Memphis Grizzlies,89,Charlotte Bobcats,92,,
Sat Feb 22 2014,Box Score,Dallas Mavericks,113,Detroit Pistons,102,,
Sat Feb 22 2014,Box Score,Brooklyn Nets,86,Golden State Warriors,93,,
Sat Feb 22 2014,Box Score,Indiana Pacers,110,Milwaukee Bucks,100,,
Sat Feb 22 2014,Box Score,Boston Celtics,98,Sacramento Kings,105,,
Sat Feb 22 2014,Box Score,Minnesota Timberwolves,121,Utah Jazz,104,,
Sat Feb 22 2014,Box Score,New Orleans Pelicans,93,Washington Wizards,94,,
Sun Feb 23 2014,Box Score,Washington Wizards,96,Cleveland Cavaliers,83,,
Sun Feb 23 2014,Box Score,Sacramento Kings,109,Denver Nuggets,95,,
Sun Feb 23 2014,Box Score,Brooklyn Nets,108,Los Angeles Lakers,102,,
Sun Feb 23 2014,Box Score,Chicago Bulls,79,Miami Heat,93,,
Sun Feb 23 2014,Box Score,Los Angeles Clippers,125,Oklahoma City Thunder,117,,
Sun Feb 23 2014,Box Score,Houston Rockets,115,Phoenix Suns,112,,
Sun Feb 23 2014,Box Score,Minnesota Timberwolves,97,Portland Trail Blazers,108,,
Sun Feb 23 2014,Box Score,Orlando Magic,90,Toronto Raptors,105,,
Mon Feb 24 2014,Box Score,Golden State Warriors,104,Detroit Pistons,96,,
Mon Feb 24 2014,Box Score,Los Angeles Clippers,123,New Orleans Pelicans,110,,
Mon Feb 24 2014,Box Score,Dallas Mavericks,110,New York Knicks,108,,
Mon Feb 24 2014,Box Score,Milwaukee Bucks,130,Philadelphia 76ers,110,,
Mon Feb 24 2014,Box Score,Boston Celtics,98,Utah Jazz,110,,
Tue Feb 25 2014,Box Score,Chicago Bulls,107,Atlanta Hawks,103,,
Tue Feb 25 2014,Box Score,Toronto Raptors,99,Cleveland Cavaliers,93,,
Tue Feb 25 2014,Box Score,Portland Trail Blazers,100,Denver Nuggets,95,,
Tue Feb 25 2014,Box Score,Los Angeles Lakers,98,Indiana Pacers,118,,
Tue Feb 25 2014,Box Score,Minnesota Timberwolves,110,Phoenix Suns,101,,
Tue Feb 25 2014,Box Score,Houston Rockets,129,Sacramento Kings,103,,
Tue Feb 25 2014,Box Score,Orlando Magic,106,Washington Wizards,115,,
Wed Feb 26 2014,Box Score,Atlanta Hawks,104,Boston Celtics,115,,
Wed Feb 26 2014,Box Score,Golden State Warriors,83,Chicago Bulls,103,,
Wed Feb 26 2014,Box Score,New Orleans Pelicans,89,Dallas Mavericks,108,,
Wed Feb 26 2014,Box Score,Houston Rockets,93,Los Angeles Clippers,101,,
Wed Feb 26 2014,Box Score,Los Angeles Lakers,103,Memphis Grizzlies,108,,
Wed Feb 26 2014,Box Score,Cleveland Cavaliers,114,Oklahoma City Thunder,104,,
Wed Feb 26 2014,Box Score,Orlando Magic,101,Philadelphia 76ers,90,,
Wed Feb 26 2014,Box Score,Brooklyn Nets,80,Portland Trail Blazers,124,,
Wed Feb 26 2014,Box Score,Detroit Pistons,110,San Antonio Spurs,120,,
Wed Feb 26 2014,Box Score,Phoenix Suns,86,Utah Jazz,109,,
Thu Feb 27 2014,Box Score,Brooklyn Nets,112,Denver Nuggets,89,,
Thu Feb 27 2014,Box Score,Milwaukee Bucks,96,Indiana Pacers,101,,
Thu Feb 27 2014,Box Score,New York Knicks,82,Miami Heat,108,,
Thu Feb 27 2014,Box Score,Washington Wizards,134,Toronto Raptors,129,3OT,
Fri Feb 28 2014,Box Score,Utah Jazz,79,Cleveland Cavaliers,99,,
Fri Feb 28 2014,Box Score,Chicago Bulls,100,Dallas Mavericks,91,,
Fri Feb 28 2014,Box Score,Sacramento Kings,122,Los Angeles Lakers,126,,
Fri Feb 28 2014,Box Score,Golden State Warriors,126,New York Knicks,103,,
Fri Feb 28 2014,Box Score,Memphis Grizzlies,107,Oklahoma City Thunder,113,,
Fri Feb 28 2014,Box Score,New Orleans Pelicans,104,Phoenix Suns,116,,
Fri Feb 28 2014,Box Score,Charlotte Bobcats,82,San Antonio Spurs,92,,
Sat Mar 1 2014,Box Score,Indiana Pacers,102,Boston Celtics,97,,
Sat Mar 1 2014,Box Score,Detroit Pistons,110,Houston Rockets,118,,
Sat Mar 1 2014,Box Score,New Orleans Pelicans,76,Los Angeles Clippers,108,,
Sat Mar 1 2014,Box Score,Cleveland Cavaliers,96,Memphis Grizzlies,110,,
Sat Mar 1 2014,Box Score,Orlando Magic,98,Miami Heat,112,,
Sat Mar 1 2014,Box Score,Brooklyn Nets,107,Milwaukee Bucks,98,,
Sat Mar 1 2014,Box Score,Washington Wizards,122,Philadelphia 76ers,103,,
Sat Mar 1 2014,Box Score,Denver Nuggets,96,Portland Trail Blazers,102,,
Sat Mar 1 2014,Box Score,Minnesota Timberwolves,108,Sacramento Kings,97,,
Sun Mar 2 2014,Box Score,New York Knicks,90,Chicago Bulls,109,,
Sun Mar 2 2014,Box Score,Utah Jazz,91,Indiana Pacers,94,,
Sun Mar 2 2014,Box Score,Charlotte Bobcats,99,Oklahoma City Thunder,116,,
Sun Mar 2 2014,Box Score,Philadelphia 76ers,81,Orlando Magic,92,,
Sun Mar 2 2014,Box Score,Atlanta Hawks,120,Phoenix Suns,129,,
Sun Mar 2 2014,Box Score,Dallas Mavericks,106,San Antonio Spurs,112,,
Sun Mar 2 2014,Box Score,Golden State Warriors,98,Toronto Raptors,104,,
Mon Mar 3 2014,Box Score,Chicago Bulls,80,Brooklyn Nets,96,,
Mon Mar 3 2014,Box Score,Minnesota Timberwolves,132,Denver Nuggets,128,,
Mon Mar 3 2014,Box Score,New York Knicks,85,Detroit Pistons,96,,
Mon Mar 3 2014,Box Score,Charlotte Bobcats,107,Miami Heat,124,,
Mon Mar 3 2014,Box Score,Utah Jazz,88,Milwaukee Bucks,114,,
Mon Mar 3 2014,Box Score,Los Angeles Lakers,107,Portland Trail Blazers,106,,
Mon Mar 3 2014,Box Score,New Orleans Pelicans,89,Sacramento Kings,96,,
Mon Mar 3 2014,Box Score,Memphis Grizzlies,110,Washington Wizards,104,,
Tue Mar 4 2014,Box Score,San Antonio Spurs,122,Cleveland Cavaliers,101,,
Tue Mar 4 2014,Box Score,Miami Heat,103,Houston Rockets,106,,
Tue Mar 4 2014,Box Score,Golden State Warriors,98,Indiana Pacers,96,,
Tue Mar 4 2014,Box Score,New Orleans Pelicans,132,Los Angeles Lakers,125,,
Tue Mar 4 2014,Box Score,Philadelphia 76ers,92,Oklahoma City Thunder,125,,
Tue Mar 4 2014,Box Score,Los Angeles Clippers,104,Phoenix Suns,96,,
Wed Mar 5 2014,Box Score,Golden State Warriors,108,Boston Celtics,88,,
Wed Mar 5 2014,Box Score,Memphis Grizzlies,94,Brooklyn Nets,103,,
Wed Mar 5 2014,Box Score,Indiana Pacers,87,Charlotte Bobcats,109,,
Wed Mar 5 2014,Box Score,Dallas Mavericks,110,Denver Nuggets,115,,
Wed Mar 5 2014,Box Score,Chicago Bulls,105,Detroit Pistons,94,,
Wed Mar 5 2014,Box Score,Sacramento Kings,116,Milwaukee Bucks,102,,
Wed Mar 5 2014,Box Score,New York Knicks,118,Minnesota Timberwolves,106,,
Wed Mar 5 2014,Box Score,Houston Rockets,101,Orlando Magic,89,,
Wed Mar 5 2014,Box Score,Atlanta Hawks,78,Portland Trail Blazers,102,,
Wed Mar 5 2014,Box Score,Utah Jazz,91,Washington Wizards,104,,
Thu Mar 6 2014,Box Score,Los Angeles Clippers,142,Los Angeles Lakers,94,,
Thu Mar 6 2014,Box Score,Oklahoma City Thunder,122,Phoenix Suns,128,,
Thu Mar 6 2014,Box Score,Miami Heat,87,San Antonio Spurs,111,,
Fri Mar 7 2014,Box Score,Brooklyn Nets,84,Boston Celtics,91,,
Fri Mar 7 2014,Box Score,Cleveland Cavaliers,92,Charlotte Bobcats,101,,
Fri Mar 7 2014,Box Score,Memphis Grizzlies,85,Chicago Bulls,77,,
Fri Mar 7 2014,Box Score,Portland Trail Blazers,98,Dallas Mavericks,103,,
Fri Mar 7 2014,Box Score,Los Angeles Lakers,126,Denver Nuggets,134,,
Fri Mar 7 2014,Box Score,Atlanta Hawks,97,Golden State Warriors,111,,
Fri Mar 7 2014,Box Score,Indiana Pacers,86,Houston Rockets,112,,
Fri Mar 7 2014,Box Score,Detroit Pistons,101,Minnesota Timberwolves,114,,
Fri Mar 7 2014,Box Score,Milwaukee Bucks,104,New Orleans Pelicans,112,,
Fri Mar 7 2014,Box Score,Utah Jazz,81,New York Knicks,108,,
Fri Mar 7 2014,Box Score,Sacramento Kings,87,Toronto Raptors,99,,
Sat Mar 8 2014,Box Score,New York Knicks,107,Cleveland Cavaliers,97,,
Sat Mar 8 2014,Box Score,Atlanta Hawks,108,Los Angeles Clippers,109,,
Sat Mar 8 2014,Box Score,Charlotte Bobcats,89,Memphis Grizzlies,111,,
Sat Mar 8 2014,Box Score,Washington Wizards,114,Milwaukee Bucks,107,,
Sat Mar 8 2014,Box Score,Utah Jazz,104,Philadelphia 76ers,92,,
Sat Mar 8 2014,Box Score,Orlando Magic,112,San Antonio Spurs,121,,
Sun Mar 9 2014,Box Score,Detroit Pistons,111,Boston Celtics,118,,
Sun Mar 9 2014,Box Score,Sacramento Kings,89,Brooklyn Nets,104,,
Sun Mar 9 2014,Box Score,Miami Heat,88,Chicago Bulls,95,OT,
Sun Mar 9 2014,Box Score,Indiana Pacers,94,Dallas Mavericks,105,,
Sun Mar 9 2014,Box Score,Phoenix Suns,107,Golden State Warriors,113,,
Sun Mar 9 2014,Box Score,Portland Trail Blazers,113,Houston Rockets,118,OT,
Sun Mar 9 2014,Box Score,Oklahoma City Thunder,110,Los Angeles Lakers,114,,
Sun Mar 9 2014,Box Score,Toronto Raptors,111,Minnesota Timberwolves,104,,
Sun Mar 9 2014,Box Score,Denver Nuggets,107,New Orleans Pelicans,111,OT,
Mon Mar 10 2014,Box Score,Toronto Raptors,97,Brooklyn Nets,101,,
Mon Mar 10 2014,Box Score,Denver Nuggets,98,Charlotte Bobcats,105,,
Mon Mar 10 2014,Box Score,Phoenix Suns,105,Los Angeles Clippers,112,,
Mon Mar 10 2014,Box Score,Washington Wizards,90,Miami Heat,99,,
Mon Mar 10 2014,Box Score,Orlando Magic,98,Milwaukee Bucks,105,,
Mon Mar 10 2014,Box Score,Philadelphia 76ers,110,New York Knicks,123,,
Mon Mar 10 2014,Box Score,Atlanta Hawks,112,Utah Jazz,110,,
Tue Mar 11 2014,Box Score,San Antonio Spurs,104,Chicago Bulls,96,,
Tue Mar 11 2014,Box Score,Sacramento Kings,89,Detroit Pistons,99,,
Tue Mar 11 2014,Box Score,Dallas Mavericks,85,Golden State Warriors,108,,
Tue Mar 11 2014,Box Score,Boston Celtics,83,Indiana Pacers,94,,
Tue Mar 11 2014,Box Score,Portland Trail Blazers,99,Memphis Grizzlies,109,,
Tue Mar 11 2014,Box Score,Milwaukee Bucks,101,Minnesota Timberwolves,112,,
Tue Mar 11 2014,Box Score,Houston Rockets,98,Oklahoma City Thunder,106,,
Wed Mar 12 2014,Box Score,New York Knicks,116,Boston Celtics,92,,
Wed Mar 12 2014,Box Score,Golden State Warriors,98,Los Angeles Clippers,111,,
Wed Mar 12 2014,Box Score,Brooklyn Nets,96,Miami Heat,95,,
Wed Mar 12 2014,Box Score,Memphis Grizzlies,90,New Orleans Pelicans,88,,
Wed Mar 12 2014,Box Score,Denver Nuggets,120,Orlando Magic,112,,
Wed Mar 12 2014,Box Score,Sacramento Kings,115,Philadelphia 76ers,98,,
Wed Mar 12 2014,Box Score,Cleveland Cavaliers,110,Phoenix Suns,101,,
Wed Mar 12 2014,Box Score,Portland Trail Blazers,90,San Antonio Spurs,103,,
Wed Mar 12 2014,Box Score,Detroit Pistons,87,Toronto Raptors,101,,
Wed Mar 12 2014,Box Score,Dallas Mavericks,108,Utah Jazz,101,,
Wed Mar 12 2014,Box Score,Charlotte Bobcats,98,Washington Wizards,85,,
Thu Mar 13 2014,Box Score,Milwaukee Bucks,97,Atlanta Hawks,102,,
Thu Mar 13 2014,Box Score,Houston Rockets,87,Chicago Bulls,111,,
Thu Mar 13 2014,Box Score,Los Angeles Lakers,102,Oklahoma City Thunder,131,,
Fri Mar 14 2014,Box Score,Phoenix Suns,87,Boston Celtics,80,,
Fri Mar 14 2014,Box Score,Minnesota Timberwolves,93,Charlotte Bobcats,105,,
Fri Mar 14 2014,Box Score,Cleveland Cavaliers,103,Golden State Warriors,94,,
Fri Mar 14 2014,Box Score,Denver Nuggets,111,Miami Heat,107,,
Fri Mar 14 2014,Box Score,Portland Trail Blazers,111,New Orleans Pelicans,103,,
Fri Mar 14 2014,Box Score,Washington Wizards,105,Orlando Magic,101,OT,
Fri Mar 14 2014,Box Score,Indiana Pacers,101,Philadelphia 76ers,94,,
Fri Mar 14 2014,Box Score,Los Angeles Lakers,85,San Antonio Spurs,119,,
Fri Mar 14 2014,Box Score,Memphis Grizzlies,86,Toronto Raptors,99,,
Fri Mar 14 2014,Box Score,Los Angeles Clippers,96,Utah Jazz,87,,
Sat Mar 15 2014,Box Score,Denver Nuggets,92,Atlanta Hawks,97,,
Sat Mar 15 2014,Box Score,Sacramento Kings,87,Chicago Bulls,94,,
Sat Mar 15 2014,Box Score,Indiana Pacers,112,Detroit Pistons,104,OT,
Sat Mar 15 2014,Box Score,Milwaukee Bucks,94,New York Knicks,115,,
Sat Mar 15 2014,Box Score,Memphis Grizzlies,103,Philadelphia 76ers,77,,
Sat Mar 15 2014,Box Score,Brooklyn Nets,94,Washington Wizards,101,,
Sun Mar 16 2014,Box Score,Cleveland Cavaliers,80,Los Angeles Clippers,102,,
Sun Mar 16 2014,Box Score,Houston Rockets,104,Miami Heat,113,,
Sun Mar 16 2014,Box Score,Charlotte Bobcats,101,Milwaukee Bucks,92,,
Sun Mar 16 2014,Box Score,Sacramento Kings,102,Minnesota Timberwolves,104,,
Sun Mar 16 2014,Box Score,Boston Celtics,120,New Orleans Pelicans,121,OT,
Sun Mar 16 2014,Box Score,Dallas Mavericks,109,Oklahoma City Thunder,86,,
Sun Mar 16 2014,Box Score,Golden State Warriors,113,Portland Trail Blazers,112,,
Sun Mar 16 2014,Box Score,Utah Jazz,104,San Antonio Spurs,122,,
Sun Mar 16 2014,Box Score,Phoenix Suns,121,Toronto Raptors,113,,
Mon Mar 17 2014,Box Score,Phoenix Suns,95,Brooklyn Nets,108,,
Mon Mar 17 2014,Box Score,Atlanta Hawks,97,Charlotte Bobcats,83,,
Mon Mar 17 2014,Box Score,Oklahoma City Thunder,97,Chicago Bulls,85,,
Mon Mar 17 2014,Box Score,Boston Celtics,89,Dallas Mavericks,94,,
Mon Mar 17 2014,Box Score,Los Angeles Clippers,100,Denver Nuggets,110,,
Mon Mar 17 2014,Box Score,Utah Jazz,86,Houston Rockets,124,,
Mon Mar 17 2014,Box Score,Philadelphia 76ers,90,Indiana Pacers,99,,
Tue Mar 18 2014,Box Score,Toronto Raptors,113,Atlanta Hawks,118,OT,
Tue Mar 18 2014,Box Score,Miami Heat,100,Cleveland Cavaliers,96,,
Tue Mar 18 2014,Box Score,Orlando Magic,89,Golden State Warriors,103,,
Tue Mar 18 2014,Box Score,Milwaukee Bucks,115,Portland Trail Blazers,120,OT,
Tue Mar 18 2014,Box Score,Washington Wizards,111,Sacramento Kings,117,OT,
Wed Mar 19 2014,Box Score,Miami Heat,96,Boston Celtics,101,,
Wed Mar 19 2014,Box Score,Charlotte Bobcats,99,Brooklyn Nets,104,,
Wed Mar 19 2014,Box Score,Minnesota Timberwolves,123,Dallas Mavericks,122,OT,
Wed Mar 19 2014,Box Score,Detroit Pistons,109,Denver Nuggets,118,,
Wed Mar 19 2014,Box Score,San Antonio Spurs,125,Los Angeles Lakers,109,,
Wed Mar 19 2014,Box Score,Utah Jazz,86,Memphis Grizzlies,96,,
Wed Mar 19 2014,Box Score,Toronto Raptors,107,New Orleans Pelicans,100,,
Wed Mar 19 2014,Box Score,Indiana Pacers,86,New York Knicks,92,,
Wed Mar 19 2014,Box Score,Chicago Bulls,102,Philadelphia 76ers,94,,
Wed Mar 19 2014,Box Score,Orlando Magic,93,Phoenix Suns,109,,
Thu Mar 20 2014,Box Score,Oklahoma City Thunder,102,Cleveland Cavaliers,95,,
Thu Mar 20 2014,Box Score,Milwaukee Bucks,110,Golden State Warriors,115,,
Thu Mar 20 2014,Box Score,Minnesota Timberwolves,106,Houston Rockets,129,,
Thu Mar 20 2014,Box Score,Washington Wizards,103,Portland Trail Blazers,116,,
Fri Mar 21 2014,Box Score,New Orleans Pelicans,111,Atlanta Hawks,105,,
Fri Mar 21 2014,Box Score,Boston Celtics,98,Brooklyn Nets,114,,
Fri Mar 21 2014,Box Score,Denver Nuggets,106,Dallas Mavericks,122,,
Fri Mar 21 2014,Box Score,Chicago Bulls,79,Indiana Pacers,91,,
Fri Mar 21 2014,Box Score,Washington Wizards,117,Los Angeles Lakers,107,,
Fri Mar 21 2014,Box Score,Memphis Grizzlies,86,Miami Heat,91,,
Fri Mar 21 2014,Box Score,New York Knicks,93,Philadelphia 76ers,92,,
Fri Mar 21 2014,Box Score,Detroit Pistons,92,Phoenix Suns,98,,
Fri Mar 21 2014,Box Score,San Antonio Spurs,99,Sacramento Kings,79,,
Fri Mar 21 2014,Box Score,Oklahoma City Thunder,119,Toronto Raptors,118,2OT,
Sat Mar 22 2014,Box Score,Portland Trail Blazers,94,Charlotte Bobcats,124,,
Sat Mar 22 2014,Box Score,Philadelphia 76ers,81,Chicago Bulls,91,,
Sat Mar 22 2014,Box Score,Houston Rockets,118,Cleveland Cavaliers,111,,
Sat Mar 22 2014,Box Score,San Antonio Spurs,99,Golden State Warriors,90,,
Sat Mar 22 2014,Box Score,Detroit Pistons,103,Los Angeles Clippers,112,,
Sat Mar 22 2014,Box Score,Indiana Pacers,71,Memphis Grizzlies,82,,
Sat Mar 22 2014,Box Score,Miami Heat,95,New Orleans Pelicans,105,,
Sat Mar 22 2014,Box Score,Orlando Magic,88,Utah Jazz,89,,
Sun Mar 23 2014,Box Score,Brooklyn Nets,107,Dallas Mavericks,104,OT,
Sun Mar 23 2014,Box Score,Washington Wizards,102,Denver Nuggets,105,,
Sun Mar 23 2014,Box Score,Orlando Magic,94,Los Angeles Lakers,103,,
Sun Mar 23 2014,Box Score,Phoenix Suns,127,Minnesota Timberwolves,120,,
Sun Mar 23 2014,Box Score,Cleveland Cavaliers,106,New York Knicks,100,,
Sun Mar 23 2014,Box Score,Milwaukee Bucks,107,Sacramento Kings,124,,
Sun Mar 23 2014,Box Score,Atlanta Hawks,86,Toronto Raptors,96,,
Mon Mar 24 2014,Box Score,Phoenix Suns,102,Atlanta Hawks,95,,
Mon Mar 24 2014,Box Score,Houston Rockets,100,Charlotte Bobcats,89,,
Mon Mar 24 2014,Box Score,Indiana Pacers,77,Chicago Bulls,89,,
Mon Mar 24 2014,Box Score,Milwaukee Bucks,98,Los Angeles Clippers,106,,
Mon Mar 24 2014,Box Score,Minnesota Timberwolves,92,Memphis Grizzlies,109,,
Mon Mar 24 2014,Box Score,Portland Trail Blazers,91,Miami Heat,93,,
Mon Mar 24 2014,Box Score,Brooklyn Nets,104,New Orleans Pelicans,109,OT,
Mon Mar 24 2014,Box Score,Denver Nuggets,96,Oklahoma City Thunder,117,,
Mon Mar 24 2014,Box Score,Philadelphia 76ers,91,San Antonio Spurs,113,,
Mon Mar 24 2014,Box Score,Detroit Pistons,114,Utah Jazz,94,,
Tue Mar 25 2014,Box Score,Toronto Raptors,100,Cleveland Cavaliers,102,,
Tue Mar 25 2014,Box Score,Oklahoma City Thunder,119,Dallas Mavericks,128,OT,
Tue Mar 25 2014,Box Score,New York Knicks,96,Los Angeles Lakers,127,,
Tue Mar 25 2014,Box Score,Portland Trail Blazers,85,Orlando Magic,95,,
Wed Mar 26 2014,Box Score,Toronto Raptors,99,Boston Celtics,90,,
Wed Mar 26 2014,Box Score,Brooklyn Nets,111,Charlotte Bobcats,116,OT,
Wed Mar 26 2014,Box Score,Cleveland Cavaliers,97,Detroit Pistons,96,,
Wed Mar 26 2014,Box Score,Miami Heat,83,Indiana Pacers,84,,
Wed Mar 26 2014,Box Score,Atlanta Hawks,83,Minnesota Timberwolves,107,,
Wed Mar 26 2014,Box Score,Los Angeles Clippers,96,New Orleans Pelicans,98,,
Wed Mar 26 2014,Box Score,New York Knicks,107,Sacramento Kings,99,,
Wed Mar 26 2014,Box Score,Denver Nuggets,103,San Antonio Spurs,108,,
Wed Mar 26 2014,Box Score,Memphis Grizzlies,91,Utah Jazz,87,,
Wed Mar 26 2014,Box Score,Phoenix Suns,99,Washington Wizards,93,,
Thu Mar 27 2014,Box Score,Portland Trail Blazers,100,Atlanta Hawks,85,,
Thu Mar 27 2014,Box Score,Los Angeles Clippers,109,Dallas Mavericks,103,,
Thu Mar 27 2014,Box Score,Philadelphia 76ers,98,Houston Rockets,120,,
Thu Mar 27 2014,Box Score,Los Angeles Lakers,105,Milwaukee Bucks,108,,
Fri Mar 28 2014,Box Score,Cleveland Cavaliers,97,Brooklyn Nets,108,,
Fri Mar 28 2014,Box Score,Portland Trail Blazers,91,Chicago Bulls,74,,
Fri Mar 28 2014,Box Score,San Antonio Spurs,133,Denver Nuggets,102,,
Fri Mar 28 2014,Box Score,Miami Heat,110,Detroit Pistons,78,,
Fri Mar 28 2014,Box Score,Memphis Grizzlies,93,Golden State Warriors,100,,
Fri Mar 28 2014,Box Score,Los Angeles Lakers,107,Minnesota Timberwolves,143,,
Fri Mar 28 2014,Box Score,Utah Jazz,95,New Orleans Pelicans,102,,
Fri Mar 28 2014,Box Score,Sacramento Kings,81,Oklahoma City Thunder,94,,
Fri Mar 28 2014,Box Score,Charlotte Bobcats,105,Orlando Magic,110,OT,
Fri Mar 28 2014,Box Score,New York Knicks,88,Phoenix Suns,112,,
Fri Mar 28 2014,Box Score,Boston Celtics,103,Toronto Raptors,105,,
Fri Mar 28 2014,Box Score,Indiana Pacers,78,Washington Wizards,91,,
Sat Mar 29 2014,Box Score,Sacramento Kings,100,Dallas Mavericks,103,,
Sat Mar 29 2014,Box Score,Los Angeles Clippers,118,Houston Rockets,107,,
Sat Mar 29 2014,Box Score,Miami Heat,88,Milwaukee Bucks,67,,
Sat Mar 29 2014,Box Score,Detroit Pistons,98,Philadelphia 76ers,123,,
Sat Mar 29 2014,Box Score,New Orleans Pelicans,80,San Antonio Spurs,96,,
Sat Mar 29 2014,Box Score,Atlanta Hawks,97,Washington Wizards,101,,
Sun Mar 30 2014,Box Score,Chicago Bulls,107,Boston Celtics,102,,
Sun Mar 30 2014,Box Score,Minnesota Timberwolves,99,Brooklyn Nets,114,,
Sun Mar 30 2014,Box Score,Indiana Pacers,76,Cleveland Cavaliers,90,,
Sun Mar 30 2014,Box Score,New York Knicks,89,Golden State Warriors,84,,
Sun Mar 30 2014,Box Score,Phoenix Suns,99,Los Angeles Lakers,115,,
Sun Mar 30 2014,Box Score,Utah Jazz,96,Oklahoma City Thunder,116,,
Sun Mar 30 2014,Box Score,Toronto Raptors,98,Orlando Magic,93,,
Sun Mar 30 2014,Box Score,Memphis Grizzlies,98,Portland Trail Blazers,105,,
Mon Mar 31 2014,Box Score,Philadelphia 76ers,95,Atlanta Hawks,103,,
Mon Mar 31 2014,Box Score,Washington Wizards,94,Charlotte Bobcats,100,,
Mon Mar 31 2014,Box Score,Boston Celtics,80,Chicago Bulls,94,,
Mon Mar 31 2014,Box Score,Memphis Grizzlies,94,Denver Nuggets,92,,
Mon Mar 31 2014,Box Score,Milwaukee Bucks,111,Detroit Pistons,116,,
Mon Mar 31 2014,Box Score,San Antonio Spurs,103,Indiana Pacers,77,,
Mon Mar 31 2014,Box Score,Toronto Raptors,83,Miami Heat,93,,
Mon Mar 31 2014,Box Score,Los Angeles Clippers,114,Minnesota Timberwolves,104,,
Mon Mar 31 2014,Box Score,Sacramento Kings,102,New Orleans Pelicans,97,,
Mon Mar 31 2014,Box Score,New York Knicks,92,Utah Jazz,83,,
Tue Apr 1 2014,Box Score,Houston Rockets,96,Brooklyn Nets,105,,
Tue Apr 1 2014,Box Score,Golden State Warriors,122,Dallas Mavericks,120,OT,
Tue Apr 1 2014,Box Score,Portland Trail Blazers,124,Los Angeles Lakers,112,,
Wed Apr 2 2014,Box Score,Chicago Bulls,105,Atlanta Hawks,92,,
Wed Apr 2 2014,Box Score,New Orleans Pelicans,107,Denver Nuggets,137,,
Wed Apr 2 2014,Box Score,Detroit Pistons,94,Indiana Pacers,101,,
Wed Apr 2 2014,Box Score,Milwaukee Bucks,77,Miami Heat,96,,
Wed Apr 2 2014,Box Score,Memphis Grizzlies,88,Minnesota Timberwolves,102,,
Wed Apr 2 2014,Box Score,Brooklyn Nets,81,New York Knicks,110,,
Wed Apr 2 2014,Box Score,Cleveland Cavaliers,119,Orlando Magic,98,,
Wed Apr 2 2014,Box Score,Charlotte Bobcats,123,Philadelphia 76ers,93,,
Wed Apr 2 2014,Box Score,Los Angeles Clippers,112,Phoenix Suns,108,,
Wed Apr 2 2014,Box Score,Los Angeles Lakers,102,Sacramento Kings,107,,
Wed Apr 2 2014,Box Score,Golden State Warriors,90,San Antonio Spurs,111,,
Wed Apr 2 2014,Box Score,Houston Rockets,103,Toronto Raptors,107,,
Wed Apr 2 2014,Box Score,Boston Celtics,92,Washington Wizards,118,,
Thu Apr 3 2014,Box Score,Dallas Mavericks,113,Los Angeles Clippers,107,,
Thu Apr 3 2014,Box Score,San Antonio Spurs,94,Oklahoma City Thunder,106,,
Fri Apr 4 2014,Box Score,Cleveland Cavaliers,98,Atlanta Hawks,117,,
Fri Apr 4 2014,Box Score,Philadelphia 76ers,111,Boston Celtics,102,,
Fri Apr 4 2014,Box Score,Detroit Pistons,104,Brooklyn Nets,116,,
Fri Apr 4 2014,Box Score,Orlando Magic,80,Charlotte Bobcats,91,,
Fri Apr 4 2014,Box Score,Milwaukee Bucks,90,Chicago Bulls,102,,
Fri Apr 4 2014,Box Score,Sacramento Kings,69,Golden State Warriors,102,,
Fri Apr 4 2014,Box Score,Oklahoma City Thunder,107,Houston Rockets,111,,
Fri Apr 4 2014,Box Score,Dallas Mavericks,107,Los Angeles Lakers,95,,
Fri Apr 4 2014,Box Score,Denver Nuggets,92,Memphis Grizzlies,100,,
Fri Apr 4 2014,Box Score,Minnesota Timberwolves,122,Miami Heat,121,2OT,
Fri Apr 4 2014,Box Score,Washington Wizards,90,New York Knicks,89,,
Fri Apr 4 2014,Box Score,Phoenix Suns,109,Portland Trail Blazers,93,,
Fri Apr 4 2014,Box Score,Indiana Pacers,94,Toronto Raptors,102,,
Fri Apr 4 2014,Box Score,New Orleans Pelicans,96,Utah Jazz,100,,
Sat Apr 5 2014,Box Score,Charlotte Bobcats,96,Cleveland Cavaliers,94,OT,
Sat Apr 5 2014,Box Score,Boston Celtics,111,Detroit Pistons,115,,
Sat Apr 5 2014,Box Score,Toronto Raptors,102,Milwaukee Bucks,98,,
Sat Apr 5 2014,Box Score,Minnesota Timberwolves,92,Orlando Magic,100,,
Sat Apr 5 2014,Box Score,Brooklyn Nets,105,Philadelphia 76ers,101,,
Sat Apr 5 2014,Box Score,Chicago Bulls,96,Washington Wizards,78,,
Sun Apr 6 2014,Box Score,Utah Jazz,102,Golden State Warriors,130,,
Sun Apr 6 2014,Box Score,Denver Nuggets,125,Houston Rockets,130,OT,
Sun Apr 6 2014,Box Score,Atlanta Hawks,107,Indiana Pacers,88,,
Sun Apr 6 2014,Box Score,Los Angeles Lakers,97,Los Angeles Clippers,120,,
Sun Apr 6 2014,Box Score,New York Knicks,91,Miami Heat,102,,
Sun Apr 6 2014,Box Score,Oklahoma City Thunder,115,Phoenix Suns,122,,
Sun Apr 6 2014,Box Score,New Orleans Pelicans,94,Portland Trail Blazers,100,,
Sun Apr 6 2014,Box Score,Dallas Mavericks,93,Sacramento Kings,91,,
Sun Apr 6 2014,Box Score,Memphis Grizzlies,92,San Antonio Spurs,112,,
Tue Apr 8 2014,Box Score,Detroit Pistons,102,Atlanta Hawks,95,,
Tue Apr 8 2014,Box Score,Houston Rockets,145,Los Angeles Lakers,130,,
Tue Apr 8 2014,Box Score,Brooklyn Nets,88,Miami Heat,87,,
Tue Apr 8 2014,Box Score,San Antonio Spurs,91,Minnesota Timberwolves,110,,
Tue Apr 8 2014,Box Score,Oklahoma City Thunder,107,Sacramento Kings,92,,
Tue Apr 8 2014,Box Score,Dallas Mavericks,95,Utah Jazz,83,,
Wed Apr 9 2014,Box Score,Boston Celtics,97,Atlanta Hawks,105,,
Wed Apr 9 2014,Box Score,Detroit Pistons,100,Cleveland Cavaliers,122,,
Wed Apr 9 2014,Box Score,Houston Rockets,116,Denver Nuggets,123,,
Wed Apr 9 2014,Box Score,Oklahoma City Thunder,107,Los Angeles Clippers,101,,
Wed Apr 9 2014,Box Score,Miami Heat,102,Memphis Grizzlies,107,,
Wed Apr 9 2014,Box Score,Indiana Pacers,104,Milwaukee Bucks,102,,
Wed Apr 9 2014,Box Score,Chicago Bulls,102,Minnesota Timberwolves,87,,
Wed Apr 9 2014,Box Score,Phoenix Suns,94,New Orleans Pelicans,88,,
Wed Apr 9 2014,Box Score,Brooklyn Nets,111,Orlando Magic,115,,
Wed Apr 9 2014,Box Score,Sacramento Kings,99,Portland Trail Blazers,100,,
Wed Apr 9 2014,Box Score,Philadelphia 76ers,114,Toronto Raptors,125,,
Wed Apr 9 2014,Box Score,Charlotte Bobcats,94,Washington Wizards,88,OT,
Thu Apr 10 2014,Box Score,San Antonio Spurs,109,Dallas Mavericks,100,,
Thu Apr 10 2014,Box Score,Denver Nuggets,100,Golden State Warriors,99,,
Fri Apr 11 2014,Box Score,Charlotte Bobcats,103,Boston Celtics,106,,
Fri Apr 11 2014,Box Score,Atlanta Hawks,93,Brooklyn Nets,88,,
Fri Apr 11 2014,Box Score,Detroit Pistons,98,Chicago Bulls,106,,
Fri Apr 11 2014,Box Score,Golden State Warriors,112,Los Angeles Lakers,95,,
Fri Apr 11 2014,Box Score,Philadelphia 76ers,95,Memphis Grizzlies,117,,
Fri Apr 11 2014,Box Score,Indiana Pacers,86,Miami Heat,98,,
Fri Apr 11 2014,Box Score,Cleveland Cavaliers,116,Milwaukee Bucks,119,,
Fri Apr 11 2014,Box Score,Houston Rockets,110,Minnesota Timberwolves,112,,
Fri Apr 11 2014,Box Score,New Orleans Pelicans,94,Oklahoma City Thunder,116,,
Fri Apr 11 2014,Box Score,Washington Wizards,96,Orlando Magic,86,,
Fri Apr 11 2014,Box Score,Phoenix Suns,104,San Antonio Spurs,112,,
Fri Apr 11 2014,Box Score,New York Knicks,108,Toronto Raptors,100,,
Fri Apr 11 2014,Box Score,Portland Trail Blazers,111,Utah Jazz,99,,
Sat Apr 12 2014,Box Score,Miami Heat,85,Atlanta Hawks,98,,
Sat Apr 12 2014,Box Score,Philadelphia 76ers,105,Charlotte Bobcats,111,,
Sat Apr 12 2014,Box Score,Boston Celtics,111,Cleveland Cavaliers,99,,
Sat Apr 12 2014,Box Score,Phoenix Suns,98,Dallas Mavericks,101,,
Sat Apr 12 2014,Box Score,Utah Jazz,94,Denver Nuggets,101,,
Sat Apr 12 2014,Box Score,New Orleans Pelicans,104,Houston Rockets,111,,
Sat Apr 12 2014,Box Score,Sacramento Kings,101,Los Angeles Clippers,117,,
Sat Apr 12 2014,Box Score,Milwaukee Bucks,91,Washington Wizards,104,,
Sun Apr 13 2014,Box Score,Orlando Magic,88,Brooklyn Nets,97,,
Sun Apr 13 2014,Box Score,Toronto Raptors,116,Detroit Pistons,107,,
Sun Apr 13 2014,Box Score,Oklahoma City Thunder,97,Indiana Pacers,102,,
Sun Apr 13 2014,Box Score,Memphis Grizzlies,102,Los Angeles Lakers,90,,
Sun Apr 13 2014,Box Score,Chicago Bulls,89,New York Knicks,100,,
Sun Apr 13 2014,Box Score,Golden State Warriors,117,Portland Trail Blazers,119,OT,
Sun Apr 13 2014,Box Score,Minnesota Timberwolves,103,Sacramento Kings,106,,
Mon Apr 14 2014,Box Score,Charlotte Bobcats,95,Atlanta Hawks,93,,
Mon Apr 14 2014,Box Score,Orlando Magic,95,Chicago Bulls,108,,
Mon Apr 14 2014,Box Score,Minnesota Timberwolves,120,Golden State Warriors,130,,
Mon Apr 14 2014,Box Score,San Antonio Spurs,98,Houston Rockets,104,,
Mon Apr 14 2014,Box Score,Oklahoma City Thunder,89,New Orleans Pelicans,101,,
Mon Apr 14 2014,Box Score,Boston Celtics,108,Philadelphia 76ers,113,,
Mon Apr 14 2014,Box Score,Memphis Grizzlies,97,Phoenix Suns,91,,
Mon Apr 14 2014,Box Score,Milwaukee Bucks,100,Toronto Raptors,110,,
Mon Apr 14 2014,Box Score,Los Angeles Lakers,119,Utah Jazz,104,,
Mon Apr 14 2014,Box Score,Miami Heat,93,Washington Wizards,114,,
Tue Apr 15 2014,Box Score,New York Knicks,109,Brooklyn Nets,98,,
Tue Apr 15 2014,Box Score,Denver Nuggets,105,Los Angeles Clippers,117,,
Wed Apr 16 2014,Box Score,Washington Wizards,118,Boston Celtics,102,,
Wed Apr 16 2014,Box Score,Chicago Bulls,86,Charlotte Bobcats,91,OT,
Wed Apr 16 2014,Box Score,Brooklyn Nets,85,Cleveland Cavaliers,114,,
Wed Apr 16 2014,Box Score,Golden State Warriors,116,Denver Nuggets,112,,
Wed Apr 16 2014,Box Score,Dallas Mavericks,105,Memphis Grizzlies,106,OT,
Wed Apr 16 2014,Box Score,Philadelphia 76ers,100,Miami Heat,87,,
Wed Apr 16 2014,Box Score,Atlanta Hawks,111,Milwaukee Bucks,103,,
Wed Apr 16 2014,Box Score,Utah Jazz,136,Minnesota Timberwolves,130,2OT,
Wed Apr 16 2014,Box Score,Houston Rockets,100,New Orleans Pelicans,105,,
Wed Apr 16 2014,Box Score,Toronto Raptors,92,New York Knicks,95,,
Wed Apr 16 2014,Box Score,Detroit Pistons,111,Oklahoma City Thunder,112,,
Wed Apr 16 2014,Box Score,Indiana Pacers,101,Orlando Magic,86,,
Wed Apr 16 2014,Box Score,Los Angeles Clippers,104,Portland Trail Blazers,110,,
Wed Apr 16 2014,Box Score,Phoenix Suns,104,Sacramento Kings,99,,
Wed Apr 16 2014,Box Score,Los Angeles Lakers,113,San Antonio Spurs,100,,
